-- phpMyAdmin SQL Dump
-- version 4.9.0.1
-- https://www.phpmyadmin.net/
--
-- Host: 127.0.0.1
-- Generation Time: May 05, 2020 at 09:27 AM
-- Server version: 10.4.6-MariaDB
-- PHP Version: 7.3.8

SET SQL_MODE = "NO_AUTO_VALUE_ON_ZERO";
SET AUTOCOMMIT = 0;
START TRANSACTION;
SET time_zone = "+00:00";


/*!40101 SET @OLD_CHARACTER_SET_CLIENT=@@CHARACTER_SET_CLIENT */;
/*!40101 SET @OLD_CHARACTER_SET_RESULTS=@@CHARACTER_SET_RESULTS */;
/*!40101 SET @OLD_COLLATION_CONNECTION=@@COLLATION_CONNECTION */;
/*!40101 SET NAMES utf8mb4 */;

--
-- Database: `eapi`
--

-- --------------------------------------------------------

--
-- Table structure for table `migrations`
--

CREATE TABLE `migrations` (
  `id` int(10) UNSIGNED NOT NULL,
  `migration` varchar(255) COLLATE utf8mb4_unicode_ci NOT NULL,
  `batch` int(11) NOT NULL
) ENGINE=InnoDB DEFAULT CHARSET=utf8mb4 COLLATE=utf8mb4_unicode_ci;

--
-- Dumping data for table `migrations`
--

INSERT INTO `migrations` (`id`, `migration`, `batch`) VALUES
(5, '2014_10_12_000000_create_users_table', 1),
(6, '2014_10_12_100000_create_password_resets_table', 1),
(7, '2020_05_04_173131_create_products_table', 1),
(8, '2020_05_04_173244_create_reviews_table', 1);

-- --------------------------------------------------------

--
-- Table structure for table `password_resets`
--

CREATE TABLE `password_resets` (
  `email` varchar(255) COLLATE utf8mb4_unicode_ci NOT NULL,
  `token` varchar(255) COLLATE utf8mb4_unicode_ci NOT NULL,
  `created_at` timestamp NULL DEFAULT NULL
) ENGINE=InnoDB DEFAULT CHARSET=utf8mb4 COLLATE=utf8mb4_unicode_ci;

-- --------------------------------------------------------

--
-- Table structure for table `products`
--

CREATE TABLE `products` (
  `id` int(10) UNSIGNED NOT NULL,
  `name` varchar(255) COLLATE utf8mb4_unicode_ci NOT NULL,
  `detail` text COLLATE utf8mb4_unicode_ci NOT NULL,
  `price` int(11) NOT NULL,
  `stock` int(11) NOT NULL,
  `discount` int(11) NOT NULL,
  `created_at` timestamp NULL DEFAULT NULL,
  `updated_at` timestamp NULL DEFAULT NULL
) ENGINE=InnoDB DEFAULT CHARSET=utf8mb4 COLLATE=utf8mb4_unicode_ci;

--
-- Dumping data for table `products`
--

INSERT INTO `products` (`id`, `name`, `detail`, `price`, `stock`, `discount`, `created_at`, `updated_at`) VALUES
(1, 'libero', 'Hic placeat ipsam voluptatem quia. Eaque est aut perferendis dolor odio qui dolorum. Cumque aliquam qui aut quia labore ad. Iure ea omnis ut earum provident. Aliquid porro culpa qui.', 744, 6, 26, '2020-05-05 00:54:56', '2020-05-05 00:54:56'),
(2, 'qui', 'Eos reiciendis id a. Ad animi et rerum perspiciatis doloremque. Porro non facilis natus aut repellat. Perferendis reprehenderit sit suscipit.', 361, 0, 5, '2020-05-05 00:54:56', '2020-05-05 00:54:56'),
(3, 'nesciunt', 'Eligendi aut est porro consequatur ut impedit. Et molestiae iusto qui qui. Ut facilis ratione nesciunt similique a. Velit aspernatur asperiores sed exercitationem dolorem ullam. Modi eos quia molestiae qui laudantium eum qui.', 220, 5, 27, '2020-05-05 00:54:56', '2020-05-05 00:54:56'),
(4, 'dolor', 'Quae voluptatem molestias et eaque deserunt. Et sequi dolores est quibusdam asperiores. Velit mollitia sit similique eum reprehenderit.', 216, 6, 21, '2020-05-05 00:54:56', '2020-05-05 00:54:56'),
(5, 'nihil', 'Libero placeat doloribus debitis et. Qui nesciunt dolorum voluptas perspiciatis. Unde nisi voluptas natus.', 833, 0, 26, '2020-05-05 00:54:56', '2020-05-05 00:54:56'),
(6, 'accusamus', 'Facere delectus aut aut accusamus quidem dolores. Molestias error corrupti hic et ea. Perferendis consequatur hic occaecati dicta a reiciendis.', 642, 9, 15, '2020-05-05 00:54:56', '2020-05-05 00:54:56'),
(7, 'dolor', 'Facilis veritatis alias dolor quisquam porro veniam libero. Aspernatur molestiae tempora ipsam reiciendis inventore eligendi ea. Ut fugit illum ut molestiae.', 597, 4, 30, '2020-05-05 00:54:56', '2020-05-05 00:54:56'),
(8, 'sint', 'Illo officia reiciendis assumenda cupiditate vel. Nihil corrupti quia aut optio ut. Praesentium sit magnam optio ea itaque omnis necessitatibus. Minus veritatis facilis cumque repellendus quia nam.', 655, 5, 19, '2020-05-05 00:54:56', '2020-05-05 00:54:56'),
(9, 'recusandae', 'Sit reiciendis placeat enim odit quas nam. Voluptatem consequatur impedit natus similique amet repellat. Ut dolore voluptatibus expedita veritatis rerum corrupti. Eaque perferendis tempore totam voluptatem.', 929, 1, 4, '2020-05-05 00:54:56', '2020-05-05 00:54:56'),
(10, 'debitis', 'Voluptate omnis non aspernatur id. Recusandae eos earum cupiditate veritatis aperiam porro sint rerum. Dolor reprehenderit quis nulla iure vel id. Placeat tenetur cumque molestiae eligendi.', 947, 1, 8, '2020-05-05 00:54:56', '2020-05-05 00:54:56'),
(11, 'similique', 'Quisquam ab maxime assumenda ad suscipit. Architecto enim non qui soluta deserunt voluptas. A ab rem nobis reiciendis rerum dolores non.', 800, 8, 10, '2020-05-05 00:54:56', '2020-05-05 00:54:56'),
(12, 'ut', 'Blanditiis consequatur quo necessitatibus quibusdam quaerat. Doloremque sed officia distinctio voluptatem ab hic occaecati.', 692, 6, 17, '2020-05-05 00:54:56', '2020-05-05 00:54:56'),
(13, 'rerum', 'Autem eos aliquid hic aspernatur unde. Illo quis quibusdam provident omnis quae dolorum debitis.', 668, 6, 16, '2020-05-05 00:54:56', '2020-05-05 00:54:56'),
(14, 'similique', 'Itaque ad occaecati voluptas vel quisquam nihil accusantium. Omnis quidem et aperiam et et. Molestiae quas in commodi laborum iusto nam totam enim. Qui assumenda sit iste quia ipsa voluptatibus.', 675, 4, 7, '2020-05-05 00:54:56', '2020-05-05 00:54:56'),
(15, 'dolor', 'Et accusantium laboriosam eligendi ut ullam voluptatem. Distinctio quia est praesentium placeat aut laborum qui. Sed incidunt voluptatum nesciunt doloremque facere sapiente porro. Ipsa eaque dolore quaerat accusamus omnis id assumenda dignissimos. Aut aut alias ab voluptas similique sequi voluptas aut.', 533, 3, 29, '2020-05-05 00:54:56', '2020-05-05 00:54:56'),
(16, 'dolore', 'Et consequuntur qui illum debitis minus. Voluptatem maiores inventore nobis voluptatum. Non nobis molestiae in ut quasi omnis similique illum. Dolorem harum eos nisi dolor totam.', 962, 7, 14, '2020-05-05 00:54:56', '2020-05-05 00:54:56'),
(17, 'velit', 'Ratione quos sunt harum in expedita aut labore ullam. Ex repudiandae nihil fugit repudiandae nesciunt. Aliquam aspernatur quia ex eligendi qui. Id vitae ut numquam quam et maiores quisquam dolor.', 284, 1, 21, '2020-05-05 00:54:56', '2020-05-05 00:54:56'),
(18, 'non', 'Odio laudantium eaque dolore sed consequatur asperiores velit sint. Vitae et libero veniam non cum. Quaerat est ratione optio dolore rem placeat voluptatibus. Est nihil quidem fuga suscipit.', 239, 9, 13, '2020-05-05 00:54:56', '2020-05-05 00:54:56'),
(19, 'ducimus', 'Ratione sapiente recusandae et dolor eum quibusdam. Modi dolores ad et optio explicabo. Eligendi ipsa excepturi sit dicta.', 158, 0, 10, '2020-05-05 00:54:56', '2020-05-05 00:54:56'),
(20, 'enim', 'Voluptatem sunt sit necessitatibus consequatur qui autem. Tempora inventore voluptate voluptas est dolorem fuga. Quae quas tempore veniam qui necessitatibus nesciunt est exercitationem. Suscipit facilis exercitationem nobis.', 667, 6, 13, '2020-05-05 00:54:56', '2020-05-05 00:54:56'),
(21, 'sed', 'Consequatur doloremque et sunt at dolorem perferendis. Aperiam rem ut ut ipsam voluptatem qui eum. Reiciendis assumenda illum atque ut expedita inventore.', 229, 9, 14, '2020-05-05 00:54:56', '2020-05-05 00:54:56'),
(22, 'et', 'Explicabo aut neque labore consequatur esse enim. Ea alias necessitatibus maxime nihil iure fugiat. Voluptates ut tenetur sit sapiente corporis. Nam libero nulla voluptas quia.', 435, 2, 27, '2020-05-05 00:54:56', '2020-05-05 00:54:56'),
(23, 'aliquid', 'Neque nemo quam pariatur placeat voluptas numquam molestiae. Voluptatem eaque iusto atque dolorem excepturi qui voluptas. Harum dolorum quibusdam dolorum quam ipsum fugit.', 968, 0, 6, '2020-05-05 00:54:56', '2020-05-05 00:54:56'),
(24, 'mollitia', 'Pariatur modi accusantium ut enim similique. Quam quis autem repellat. Fugit itaque fugit ratione in mollitia id est sit. Consectetur debitis ut quisquam omnis.', 890, 6, 29, '2020-05-05 00:54:56', '2020-05-05 00:54:56'),
(25, 'officia', 'Excepturi amet maiores veritatis laborum omnis fugit laboriosam. Vero vel ex inventore sapiente in. Id nemo aut aliquam aut sunt mollitia omnis. Quam harum error libero fuga veniam quia quos.', 852, 6, 6, '2020-05-05 00:54:56', '2020-05-05 00:54:56'),
(26, 'quis', 'Quo ut animi perferendis adipisci rem fugiat ab possimus. Et sunt ut quia fugit. Illum sed omnis velit vel et sunt est. Reiciendis nihil rerum incidunt exercitationem aliquam.', 774, 0, 9, '2020-05-05 00:54:56', '2020-05-05 00:54:56'),
(27, 'sit', 'Temporibus corporis porro molestiae nesciunt fugit aut. Pariatur numquam impedit fuga corporis ut. Corrupti et sed in iste.', 325, 6, 14, '2020-05-05 00:54:56', '2020-05-05 00:54:56'),
(28, 'optio', 'Minus velit quibusdam repellat sit aut sunt. Quaerat saepe ut qui et ea tenetur recusandae. Labore tempore incidunt impedit et aut sed.', 787, 1, 2, '2020-05-05 00:54:57', '2020-05-05 00:54:57'),
(29, 'labore', 'Facilis mollitia iusto magni est et aut. Omnis veniam molestiae dicta debitis. Harum et ut hic nihil id ut.', 479, 2, 9, '2020-05-05 00:54:57', '2020-05-05 00:54:57'),
(30, 'omnis', 'Veniam tempora dolor amet et enim rerum voluptatem vel. Natus laborum aut magni blanditiis. Voluptates praesentium quae saepe non. Officia itaque eaque minus magnam minus assumenda. Cupiditate et ex omnis eos.', 805, 2, 13, '2020-05-05 00:54:57', '2020-05-05 00:54:57'),
(31, 'minima', 'Blanditiis sunt sit et facilis fuga ratione soluta. Quia quisquam ad dolore molestiae fugiat asperiores. Aut illum non omnis voluptatem.', 541, 4, 27, '2020-05-05 00:54:57', '2020-05-05 00:54:57'),
(32, 'nam', 'Quaerat dolores assumenda incidunt mollitia quae aliquid error repudiandae. Modi est id illo qui quod occaecati illo. Voluptates quaerat non autem.', 897, 1, 26, '2020-05-05 00:54:57', '2020-05-05 00:54:57'),
(33, 'iure', 'Ratione voluptas ut voluptas est aliquid occaecati. Recusandae omnis possimus omnis omnis tempore aut. Quidem fugit totam cumque dolores.', 463, 7, 19, '2020-05-05 00:54:57', '2020-05-05 00:54:57'),
(34, 'voluptatem', 'Molestiae excepturi doloremque necessitatibus dolore possimus fugiat repudiandae. Aut quas rerum dicta magni et accusantium. Sed error nam corporis aliquam.', 762, 4, 4, '2020-05-05 00:54:57', '2020-05-05 00:54:57'),
(35, 'ullam', 'Numquam fugit quia eveniet eius consequatur harum omnis non. Molestiae ipsum possimus doloribus qui placeat aut vel. Sapiente ut omnis ratione et nihil. Numquam quae necessitatibus similique sed autem libero corrupti.', 291, 1, 22, '2020-05-05 00:54:57', '2020-05-05 00:54:57'),
(36, 'cumque', 'Error nostrum odio ut quasi vero nostrum. Labore quo et et est eos amet quo. Dicta odio voluptas autem quibusdam in nobis. Perferendis qui mollitia adipisci dignissimos.', 523, 9, 8, '2020-05-05 00:54:57', '2020-05-05 00:54:57'),
(37, 'accusamus', 'Omnis animi quo ut atque impedit et perspiciatis ducimus. Qui quibusdam corrupti libero commodi. Veniam perferendis eum fuga. Beatae reiciendis impedit veritatis assumenda sed nam delectus.', 962, 5, 28, '2020-05-05 00:54:57', '2020-05-05 00:54:57'),
(38, 'rem', 'Voluptatem molestias consequatur doloremque necessitatibus. Velit id sunt nam magnam laborum nihil. Ut quam minima voluptas.', 204, 6, 23, '2020-05-05 00:54:57', '2020-05-05 00:54:57'),
(39, 'in', 'Est eos est earum cupiditate. In ab quaerat reprehenderit ut dolorum quisquam. Adipisci consequuntur fugit voluptate similique rerum qui dolorum.', 431, 4, 21, '2020-05-05 00:54:57', '2020-05-05 00:54:57'),
(40, 'est', 'Aut quia velit totam excepturi sed voluptas aperiam. Minima unde aperiam dolorem odio molestiae. Dolor aliquam ratione et officia iusto enim id recusandae. Saepe voluptates possimus consequatur vel impedit. Officiis dignissimos sint repellendus ratione.', 769, 7, 3, '2020-05-05 00:54:57', '2020-05-05 00:54:57'),
(41, 'modi', 'Quia velit ab quia optio. Voluptatum corrupti ipsum dicta unde esse. Eos dolorum ipsa quaerat numquam nobis voluptas.', 603, 3, 26, '2020-05-05 00:54:57', '2020-05-05 00:54:57'),
(42, 'deserunt', 'Cumque officia eos et placeat quas dolor sint. Labore est qui dolor sint accusamus omnis.', 473, 9, 15, '2020-05-05 00:54:57', '2020-05-05 00:54:57'),
(43, 'porro', 'Aperiam inventore modi expedita iure magni et sit. Debitis aperiam modi itaque doloribus. Voluptates laboriosam quae amet voluptatum. Velit delectus enim ab repellendus et culpa recusandae omnis.', 906, 2, 26, '2020-05-05 00:54:57', '2020-05-05 00:54:57'),
(44, 'beatae', 'Dolorem et aut inventore laudantium sed. Cupiditate quo deleniti dolore molestiae. Odio quia eaque animi mollitia nisi dolorum.', 198, 3, 16, '2020-05-05 00:54:57', '2020-05-05 00:54:57'),
(45, 'voluptas', 'Ad et quis ipsam sunt molestiae autem sit perferendis. Tempore nihil exercitationem assumenda ex. Fugit iste corporis perferendis repellendus dolorem in facere.', 605, 2, 16, '2020-05-05 00:54:57', '2020-05-05 00:54:57'),
(46, 'aut', 'Nihil vel consequatur ratione soluta. Sunt non quidem sint dolorum reiciendis. Similique ad adipisci consequatur sit. Nesciunt atque eum qui.', 959, 1, 23, '2020-05-05 00:54:57', '2020-05-05 00:54:57'),
(47, 'harum', 'Aspernatur nesciunt blanditiis ducimus voluptatem excepturi. Facere velit architecto voluptatum quidem accusamus iure tempora. Sunt nesciunt commodi saepe voluptatem eos.', 629, 8, 8, '2020-05-05 00:54:57', '2020-05-05 00:54:57'),
(48, 'suscipit', 'Rerum vitae architecto possimus et. Porro quisquam qui suscipit iste quia est ab non. Perferendis et pariatur id aliquam sapiente. Ratione amet totam temporibus ut.', 256, 1, 20, '2020-05-05 00:54:57', '2020-05-05 00:54:57'),
(49, 'doloribus', 'Et est dolores enim quisquam porro. Enim atque ut ipsa eveniet quis dignissimos quisquam vero. A et facere libero aut. Odit quae voluptatibus eos pariatur. Accusamus facere non quidem incidunt distinctio accusamus accusamus.', 619, 7, 27, '2020-05-05 00:54:57', '2020-05-05 00:54:57'),
(50, 'nulla', 'Aut eveniet modi sed temporibus necessitatibus maiores unde. Qui quis quae doloremque et suscipit reprehenderit. Qui voluptatem enim necessitatibus eum. Illo voluptate non aliquam sunt. Earum earum iusto quaerat et.', 835, 2, 22, '2020-05-05 00:54:57', '2020-05-05 00:54:57');

-- --------------------------------------------------------

--
-- Table structure for table `reviews`
--

CREATE TABLE `reviews` (
  `id` int(10) UNSIGNED NOT NULL,
  `product_id` int(10) UNSIGNED NOT NULL,
  `customer` varchar(255) COLLATE utf8mb4_unicode_ci NOT NULL,
  `review` text COLLATE utf8mb4_unicode_ci NOT NULL,
  `star` int(11) NOT NULL,
  `created_at` timestamp NULL DEFAULT NULL,
  `updated_at` timestamp NULL DEFAULT NULL
) ENGINE=InnoDB DEFAULT CHARSET=utf8mb4 COLLATE=utf8mb4_unicode_ci;

--
-- Dumping data for table `reviews`
--

INSERT INTO `reviews` (`id`, `product_id`, `customer`, `review`, `star`, `created_at`, `updated_at`) VALUES
(1, 12, 'Lamar Gleason', 'Voluptatibus enim facere atque eveniet repudiandae fugit. Quam modi quasi excepturi amet sunt. Animi adipisci aut quasi aspernatur ex rerum. Debitis ut ipsa dolore consequatur magnam.', 5, '2020-05-05 00:54:58', '2020-05-05 00:54:58'),
(2, 15, 'Samir Mertz', 'Porro veniam provident non ut ut dolores asperiores est. Quo quia iste dolores maiores. Consequatur rerum eaque tenetur corrupti harum sit.', 0, '2020-05-05 00:54:58', '2020-05-05 00:54:58'),
(3, 7, 'Myles Blick PhD', 'Ratione eos a eaque et ab sed. Soluta enim nisi numquam deleniti praesentium eius quis. Enim sint quis quos omnis tenetur.', 4, '2020-05-05 00:54:58', '2020-05-05 00:54:58'),
(4, 4, 'Kaela Zemlak', 'Occaecati sed vero fugiat quis nesciunt inventore omnis. Dicta quod id rem. Et ut consequuntur at odit eos illo adipisci.', 1, '2020-05-05 00:54:58', '2020-05-05 00:54:58'),
(5, 9, 'Prof. Jonatan Ullrich', 'Esse velit ut laborum dolor harum nulla architecto sit. Voluptate et maiores enim iusto. Earum omnis sapiente harum. Officia aut qui excepturi nihil natus. Exercitationem sed hic at illum et perferendis similique numquam.', 5, '2020-05-05 00:54:58', '2020-05-05 00:54:58'),
(6, 17, 'Betsy Deckow', 'Amet in modi officia et impedit rerum. Id et delectus praesentium cumque a ad. Rem facilis quia nisi omnis minima qui dolorum.', 2, '2020-05-05 00:54:58', '2020-05-05 00:54:58'),
(7, 32, 'Camren Schowalter', 'Ab quia quas doloremque accusamus fuga architecto. Vero fugiat modi quisquam libero debitis dolorum doloribus omnis. Dolores distinctio sapiente commodi aliquid. Odio provident ea quis voluptate dolor vero explicabo.', 3, '2020-05-05 00:54:58', '2020-05-05 00:54:58'),
(8, 24, 'Maud Ebert', 'Veritatis eum et aut esse ratione voluptatem doloribus rerum. Nihil perferendis est sed voluptas et dolor. Qui error dolorum voluptatem.', 5, '2020-05-05 00:54:58', '2020-05-05 00:54:58'),
(9, 48, 'Jude Volkman DDS', 'Ducimus voluptatibus aliquid et aut et est quaerat. Quos ratione dolor natus et itaque expedita quia. Rerum aut alias et.', 3, '2020-05-05 00:54:58', '2020-05-05 00:54:58'),
(10, 24, 'Ms. Savanah Collier IV', 'Et reprehenderit ad rerum optio ipsam et aspernatur iusto. Est molestias ut velit cum consectetur. Accusamus est alias rem. Voluptas rerum et consequuntur labore omnis.', 1, '2020-05-05 00:54:58', '2020-05-05 00:54:58'),
(11, 49, 'Prof. Narciso Hegmann', 'Rem omnis asperiores sed sint. Et provident quis est odit autem. Officiis ipsum in voluptatibus et provident minima.', 4, '2020-05-05 00:54:58', '2020-05-05 00:54:58'),
(12, 42, 'Janick Batz', 'Ex tenetur aperiam corporis quidem sequi. Enim et odit alias culpa quasi qui. Id est beatae quasi voluptate. Illo quia eum dolores libero repellendus.', 0, '2020-05-05 00:54:58', '2020-05-05 00:54:58'),
(13, 29, 'Arlene Kemmer', 'Dolor laudantium reprehenderit quia praesentium autem explicabo aut. Delectus sed non cupiditate sapiente vero ut numquam. Et non et non ut repellat.', 5, '2020-05-05 00:54:58', '2020-05-05 00:54:58'),
(14, 28, 'Jannie Nitzsche', 'Expedita perferendis animi commodi debitis velit enim. At totam inventore sint ea consequatur velit quia. Error consequatur dolorum reiciendis optio veniam. Ab ullam minus ipsam asperiores et optio.', 2, '2020-05-05 00:54:58', '2020-05-05 00:54:58'),
(15, 17, 'Chadd Zboncak', 'Minima dolores id cupiditate sunt aut sint ut impedit. Eum libero ullam nostrum similique non. Quasi voluptatibus nobis porro eum.', 0, '2020-05-05 00:54:58', '2020-05-05 00:54:58'),
(16, 40, 'Dr. Green Ryan II', 'Nostrum eaque earum distinctio odit. Aut voluptate sit est dolor et. Quo quia pariatur natus est ducimus fugiat.', 4, '2020-05-05 00:54:58', '2020-05-05 00:54:58'),
(17, 48, 'Mr. Liam Pouros', 'Numquam quisquam doloremque unde molestiae. Sapiente laborum delectus architecto. Architecto ipsa ut sit ut id commodi cumque officia. Id similique suscipit omnis.', 3, '2020-05-05 00:54:58', '2020-05-05 00:54:58'),
(18, 32, 'Derick Ward', 'Eveniet quis consequatur dignissimos voluptates assumenda et. Est blanditiis nisi est. Iusto debitis explicabo voluptas laboriosam. Nam quia et omnis quam totam sit omnis.', 0, '2020-05-05 00:54:58', '2020-05-05 00:54:58'),
(19, 29, 'Hortense Mills', 'Excepturi quae est autem molestiae provident praesentium. Perspiciatis eos sunt accusamus eaque qui. Enim ad iste in nulla aspernatur sunt assumenda.', 2, '2020-05-05 00:54:58', '2020-05-05 00:54:58'),
(20, 3, 'Dixie Strosin', 'Vel esse quis maxime amet. Consequuntur voluptatum enim consectetur necessitatibus voluptatum non itaque dolores. Voluptas necessitatibus libero perspiciatis error voluptatibus repellat. Ea provident dolores culpa exercitationem adipisci officia alias.', 1, '2020-05-05 00:54:59', '2020-05-05 00:54:59'),
(21, 19, 'Annetta Bednar', 'Sed et totam vero quia odio. Quasi eum ut non eaque. Dolores quasi distinctio deleniti.', 5, '2020-05-05 00:54:59', '2020-05-05 00:54:59'),
(22, 20, 'Ressie Huels', 'Qui modi aut fuga illum at quia. Laudantium maiores earum consequatur eligendi facilis. Alias deserunt fugiat distinctio. A fugit adipisci quo aut.', 5, '2020-05-05 00:54:59', '2020-05-05 00:54:59'),
(23, 11, 'Tevin Orn', 'Magnam repellendus aut quia. Facere quos dolores dolor soluta qui asperiores. Facere eum quam ut debitis. Odio debitis ea mollitia.', 3, '2020-05-05 00:54:59', '2020-05-05 00:54:59'),
(24, 31, 'Abigale Swift', 'Optio voluptatibus earum quia non veniam officiis. Vel rerum deserunt assumenda magnam et aut voluptate. Non rerum odio aut quia et.', 1, '2020-05-05 00:54:59', '2020-05-05 00:54:59'),
(25, 44, 'Dr. Tristian Considine', 'Odit et qui ea et. Aut amet asperiores soluta temporibus ea est ullam. Ipsum sunt voluptate distinctio sit minima.', 0, '2020-05-05 00:54:59', '2020-05-05 00:54:59'),
(26, 31, 'Mrs. Dasia Treutel I', 'Voluptas incidunt ducimus doloremque error quasi soluta. Enim deleniti distinctio nihil consectetur. Cumque itaque similique in veritatis sunt. Dolore saepe esse deserunt.', 3, '2020-05-05 00:54:59', '2020-05-05 00:54:59'),
(27, 42, 'Dr. Deion Moen MD', 'Ab minima possimus sed velit accusamus culpa. Molestiae voluptatem consequatur quia iusto quis et et. Rerum dolorem saepe explicabo et aut consequuntur quia.', 2, '2020-05-05 00:54:59', '2020-05-05 00:54:59'),
(28, 8, 'Dr. Mitchell Schultz DVM', 'Odio quos et excepturi qui sed quis. Ea voluptatem et et et ut. Doloremque aut ut eum quisquam rem et aliquam iste. Vero id porro placeat magnam officia odit. Distinctio vel qui et nulla molestiae maiores blanditiis mollitia.', 1, '2020-05-05 00:54:59', '2020-05-05 00:54:59'),
(29, 35, 'Winona Konopelski', 'Doloremque non dolorem sint non voluptatem assumenda dolores quasi. Hic odit quos quia dolores laudantium. Natus blanditiis sed ratione.', 0, '2020-05-05 00:54:59', '2020-05-05 00:54:59'),
(30, 30, 'Angelita Huel', 'Iure est occaecati nobis iure. Corrupti libero esse deleniti omnis voluptas quo. Ducimus eveniet nulla reiciendis numquam asperiores earum dolores. Tenetur voluptates quod aliquid illum praesentium unde.', 5, '2020-05-05 00:54:59', '2020-05-05 00:54:59'),
(31, 9, 'Kaleb Leffler', 'Dolorem itaque ex et iusto et aspernatur. Eveniet eveniet laudantium ab distinctio. Praesentium dolor praesentium quia voluptate.', 3, '2020-05-05 00:54:59', '2020-05-05 00:54:59'),
(32, 32, 'Rhett Kuhlman', 'Esse voluptas sed similique inventore eum praesentium. Quos fuga quia enim dolor consequatur voluptate. Labore sunt suscipit voluptas sunt consectetur. Magnam quis tenetur accusantium libero sint possimus.', 2, '2020-05-05 00:54:59', '2020-05-05 00:54:59'),
(33, 19, 'Pat Mayer II', 'Et voluptatem aut eveniet omnis neque ex sed. Omnis tempora omnis quibusdam. Quaerat optio sit iusto dignissimos consequatur tempora aut.', 1, '2020-05-05 00:54:59', '2020-05-05 00:54:59'),
(34, 2, 'Ottilie Dicki', 'Ipsam qui omnis minus aut totam et. Odio doloribus unde qui quasi ducimus. Nostrum sequi ut repudiandae.', 3, '2020-05-05 00:54:59', '2020-05-05 00:54:59'),
(35, 23, 'Miss Charity Kirlin', 'Debitis in minima qui cum ut sed temporibus. Hic ratione aut fuga impedit autem saepe quia. Dolorem voluptas et quia vel aut ipsa doloribus. Eos id beatae tempora eligendi in.', 0, '2020-05-05 00:54:59', '2020-05-05 00:54:59'),
(36, 28, 'Dakota Simonis', 'Hic magni atque quia. Est labore voluptas quia id sapiente veritatis et. Officiis consequatur reiciendis repudiandae molestiae vel et nihil.', 0, '2020-05-05 00:54:59', '2020-05-05 00:54:59'),
(37, 12, 'Kimberly Wiza DDS', 'Qui dolor aut necessitatibus consequatur. Quisquam molestiae voluptatum ullam aliquid minus. Quia sint ratione laudantium architecto deserunt quod quae.', 5, '2020-05-05 00:54:59', '2020-05-05 00:54:59'),
(38, 20, 'Dr. Pedro Smith', 'Consequatur voluptatibus nulla sed voluptatibus. Necessitatibus eum vero aperiam iste est cupiditate aliquid. Vel voluptatum repellat iure doloremque consectetur ipsum ab.', 4, '2020-05-05 00:54:59', '2020-05-05 00:54:59'),
(39, 10, 'Prof. Ronny Bode PhD', 'Beatae dolorum ut ullam omnis rem qui. Deleniti laborum esse magni laboriosam cum. Temporibus molestiae dolorem dolores omnis sapiente omnis rem.', 1, '2020-05-05 00:54:59', '2020-05-05 00:54:59'),
(40, 43, 'Thaddeus Hirthe', 'Ex qui ut quia ullam totam sit. Nam eum fuga aperiam odio ea et. Magnam minus ut corporis.', 0, '2020-05-05 00:54:59', '2020-05-05 00:54:59'),
(41, 6, 'Ms. Madie Schaefer PhD', 'Aliquid harum nam fugit reiciendis provident architecto. Est voluptas perferendis aperiam ducimus fugit voluptatem soluta vel. Et facere qui occaecati. Labore eius quam veritatis dicta ut numquam.', 0, '2020-05-05 00:54:59', '2020-05-05 00:54:59'),
(42, 15, 'Estrella Skiles', 'Omnis autem voluptas vitae dignissimos debitis. Repellat saepe sed eos asperiores. Reprehenderit eum dolorum dicta aperiam officia iure. Et natus quidem aut et nemo.', 3, '2020-05-05 00:54:59', '2020-05-05 00:54:59'),
(43, 8, 'Mr. Stan Bradtke', 'Ipsa sint rerum molestias magni. Error quis perspiciatis magni necessitatibus est ratione rem quasi. Quo accusamus fugiat iste reprehenderit. Soluta est fuga blanditiis ut quis sint.', 4, '2020-05-05 00:54:59', '2020-05-05 00:54:59'),
(44, 36, 'Donny Bins', 'Voluptatibus dignissimos ab eius tempora corrupti assumenda laudantium. Natus dignissimos eos pariatur adipisci qui aliquid vel est. Eos distinctio eos veniam voluptas eum quo quia. Dolorem non qui rem voluptas quia omnis sed.', 0, '2020-05-05 00:54:59', '2020-05-05 00:54:59'),
(45, 41, 'Ms. Lucienne Hammes', 'Quis totam iure maxime dolorum cupiditate et porro. Molestiae quisquam repellat praesentium fugiat et itaque. Aut eum officiis veniam excepturi repellat.', 4, '2020-05-05 00:54:59', '2020-05-05 00:54:59'),
(46, 25, 'Erin Hane', 'Velit dolorem omnis sed quibusdam voluptatibus. Explicabo illum hic ad libero veritatis. Maxime libero voluptatem repellendus omnis ipsum eos nobis.', 2, '2020-05-05 00:54:59', '2020-05-05 00:54:59'),
(47, 21, 'Cesar Graham DVM', 'Dolores culpa repellendus incidunt cumque blanditiis. Accusamus deserunt possimus consequatur non quos reprehenderit. Enim libero sapiente non architecto expedita. In labore dicta dicta aliquam similique cum hic.', 2, '2020-05-05 00:54:59', '2020-05-05 00:54:59'),
(48, 38, 'Fanny Sporer', 'Mollitia sint veritatis porro cum ea possimus. Dicta esse neque et dicta ex. Quidem hic est iusto provident blanditiis blanditiis. Ipsum nesciunt tempore inventore quisquam.', 0, '2020-05-05 00:54:59', '2020-05-05 00:54:59'),
(49, 35, 'Prof. Baby Hagenes', 'Veniam illum in voluptatem ad. Itaque placeat illum aut ea ullam eum. Esse doloremque expedita corrupti.', 0, '2020-05-05 00:54:59', '2020-05-05 00:54:59'),
(50, 40, 'Ayana Jones III', 'Illum consequatur rerum incidunt sint modi. Qui rerum magni molestiae minima. Sit eveniet fugiat vel omnis dolores.', 4, '2020-05-05 00:54:59', '2020-05-05 00:54:59'),
(51, 5, 'Darrion Lebsack DDS', 'Reiciendis cum dicta saepe magni. Molestiae in doloremque necessitatibus maxime id. Eveniet porro et ratione. Excepturi et iste dolor illo.', 1, '2020-05-05 00:54:59', '2020-05-05 00:54:59'),
(52, 12, 'Prof. Ferne Johns V', 'Saepe et praesentium ad consequatur non. Non dolores impedit aut. Autem asperiores animi dolorum omnis quia.', 0, '2020-05-05 00:55:00', '2020-05-05 00:55:00'),
(53, 11, 'Ms. Shanie Jast Sr.', 'Temporibus similique aperiam beatae qui vel officia nisi. Exercitationem nemo neque dolor ipsa deleniti tempora cum. Iusto nulla neque voluptas. Maiores sunt consectetur placeat atque.', 2, '2020-05-05 00:55:00', '2020-05-05 00:55:00'),
(54, 8, 'Prof. Ollie Keeling II', 'Omnis molestiae aut magni mollitia eveniet. Beatae odit culpa facere excepturi culpa rerum omnis. Et deserunt iusto delectus neque molestiae qui.', 5, '2020-05-05 00:55:00', '2020-05-05 00:55:00'),
(55, 31, 'Dorthy Dicki', 'Non recusandae veniam omnis sit est consequatur. Quo quibusdam culpa fugit enim voluptate optio et. Culpa blanditiis tenetur quam.', 5, '2020-05-05 00:55:00', '2020-05-05 00:55:00'),
(56, 3, 'Maiya Sanford', 'Repellat non nihil molestiae qui esse hic. Dolorum perspiciatis ut facere ut impedit dolorem repellendus perferendis. Aut necessitatibus ducimus quidem maiores.', 0, '2020-05-05 00:55:00', '2020-05-05 00:55:00'),
(57, 24, 'Prof. Bernadette Schaefer I', 'Rerum saepe non distinctio aut. Recusandae dolorum quibusdam neque maxime ut. Ipsum nulla perspiciatis similique.', 1, '2020-05-05 00:55:00', '2020-05-05 00:55:00'),
(58, 17, 'Wendy Kub III', 'Dolorum ea vel ipsa blanditiis qui voluptatem quia dolor. Ipsam odit dignissimos doloremque fuga molestiae. Ratione quo corrupti dolorem adipisci asperiores quis aut deleniti. Dignissimos voluptate quas quia dolorem.', 0, '2020-05-05 00:55:00', '2020-05-05 00:55:00'),
(59, 50, 'Miss Lina Schmidt Sr.', 'Omnis ut doloremque id voluptate perspiciatis praesentium. Doloremque atque sit minus enim consequatur sint sed et.', 5, '2020-05-05 00:55:00', '2020-05-05 00:55:00'),
(60, 20, 'Rupert Hessel', 'Maiores recusandae distinctio aperiam quasi. Nemo et eum sed. Sint sunt ea aut libero alias quas est. Quaerat dignissimos perferendis alias magni est.', 5, '2020-05-05 00:55:00', '2020-05-05 00:55:00'),
(61, 15, 'Greta Padberg', 'Maiores libero unde sapiente quod. Dolore doloremque nisi ratione commodi illum vitae.', 2, '2020-05-05 00:55:00', '2020-05-05 00:55:00'),
(62, 20, 'Keyshawn Christiansen', 'Repellat fugiat deleniti autem in et. Velit ut quasi possimus reprehenderit. Dolorum sint aut nulla est ducimus. Est blanditiis saepe dolor.', 4, '2020-05-05 00:55:00', '2020-05-05 00:55:00'),
(63, 10, 'Aletha O\'Reilly', 'Eius laboriosam voluptatem dicta cupiditate. Quam voluptatibus non asperiores ducimus neque mollitia. Hic nobis magnam esse illo amet recusandae nesciunt. Facere in similique qui officiis sit debitis asperiores ut.', 2, '2020-05-05 00:55:00', '2020-05-05 00:55:00'),
(64, 49, 'Jimmy Zulauf', 'Aut corrupti repellendus quidem provident tempora neque. Facilis minus culpa in ad porro incidunt consequatur. Ratione quisquam et sint nobis doloremque soluta. Porro necessitatibus ipsum impedit qui quo.', 2, '2020-05-05 00:55:00', '2020-05-05 00:55:00'),
(65, 12, 'Fae Strosin', 'Sunt dolores delectus qui accusamus adipisci id vero. Reprehenderit labore et vitae officiis. Nostrum est ipsum omnis omnis omnis voluptas porro voluptatem. Voluptatibus vel odio est est blanditiis voluptatibus possimus. Deleniti aspernatur voluptatum aspernatur qui quo aperiam ex.', 3, '2020-05-05 00:55:00', '2020-05-05 00:55:00'),
(66, 19, 'Prof. Jadon Haag', 'Non ipsa eaque est et et labore. Voluptatibus iure harum sit doloribus qui neque. Vitae sint id occaecati ab. Consequuntur officia aliquam suscipit ad incidunt dolore.', 3, '2020-05-05 00:55:00', '2020-05-05 00:55:00'),
(67, 33, 'Lilyan Kutch', 'Quo quis perspiciatis explicabo similique id eius illo. Sunt autem et possimus amet rem. Aspernatur adipisci et et dolor voluptate id.', 4, '2020-05-05 00:55:00', '2020-05-05 00:55:00'),
(68, 18, 'Liam Conn', 'Dignissimos quidem quidem eaque quae aut est. Voluptatem quod sit rerum a voluptatem consequuntur dolores occaecati. Illo at ipsum sit quibusdam. Ab porro rem suscipit corporis nihil est.', 2, '2020-05-05 00:55:00', '2020-05-05 00:55:00'),
(69, 23, 'Orpha Lebsack Jr.', 'Nihil eum consequatur ipsa ipsam eveniet quia. Voluptas molestiae explicabo repellat quae omnis. Rem maxime et culpa illo voluptate quos. Accusantium sed optio tempore itaque impedit quia ducimus asperiores.', 2, '2020-05-05 00:55:00', '2020-05-05 00:55:00'),
(70, 38, 'Prof. Linwood Klein', 'Praesentium nam qui quam provident eos dolores eveniet sed. Tenetur et consequatur autem dicta beatae at. Tempora asperiores cupiditate iusto dolores eos harum.', 5, '2020-05-05 00:55:00', '2020-05-05 00:55:00'),
(71, 14, 'Eunice Skiles', 'Corrupti excepturi cupiditate molestias voluptatem est vitae. Fugiat nemo et sed hic vel saepe illum est. Consequuntur laudantium eveniet esse minus.', 2, '2020-05-05 00:55:00', '2020-05-05 00:55:00'),
(72, 25, 'Mr. Filiberto Medhurst DDS', 'Explicabo qui repudiandae assumenda est officiis. Hic ut voluptas expedita aut est vero. Reiciendis eveniet voluptatibus rerum quos sunt.', 4, '2020-05-05 00:55:00', '2020-05-05 00:55:00'),
(73, 21, 'Consuelo Koss', 'Reprehenderit eum omnis voluptates maiores. Sequi est exercitationem ut sint. Ut voluptatem ad sit aliquam qui eos.', 0, '2020-05-05 00:55:00', '2020-05-05 00:55:00'),
(74, 49, 'Alayna Osinski', 'Sit dolor voluptatem magnam quae velit fugiat vero. Commodi hic et deserunt quia. Quisquam at omnis consequuntur sit id omnis dolorem. Reprehenderit fugiat in libero in dolore.', 5, '2020-05-05 00:55:00', '2020-05-05 00:55:00'),
(75, 21, 'Eldred Hoeger', 'Quo necessitatibus aut iure. Occaecati rerum odio dolores est eos neque suscipit. Dignissimos officiis aperiam expedita voluptas. Dolores maiores maxime sint eos est.', 0, '2020-05-05 00:55:00', '2020-05-05 00:55:00'),
(76, 32, 'Dana Quitzon', 'Dolorem dolore similique saepe et quidem et est molestiae. Fuga architecto fugiat omnis earum qui cumque illo. Velit eligendi magnam non perspiciatis rem qui sed.', 2, '2020-05-05 00:55:01', '2020-05-05 00:55:01'),
(77, 47, 'Prof. Dereck Fahey III', 'Ipsa alias consequatur repellat dolorem magni est. Quae adipisci quia ab totam. Accusantium reiciendis cum velit saepe commodi dolorum et dolore. Enim et ad nulla eos voluptatem assumenda molestiae.', 1, '2020-05-05 00:55:01', '2020-05-05 00:55:01'),
(78, 28, 'Trever Mraz II', 'Quaerat tempora natus ad blanditiis. Et odio natus possimus vel id vel unde. Qui dicta ab reprehenderit a perspiciatis nesciunt non.', 0, '2020-05-05 00:55:01', '2020-05-05 00:55:01'),
(79, 6, 'Loraine Kerluke', 'Esse voluptas nihil quia nisi ea sed molestias esse. Et quos deleniti consequuntur et quia quibusdam. Ipsum explicabo qui impedit ex in.', 0, '2020-05-05 00:55:01', '2020-05-05 00:55:01'),
(80, 16, 'Jackson Hansen', 'Consequatur excepturi esse provident quisquam recusandae ea vel. Quia modi sequi debitis id. Nesciunt voluptates omnis et ducimus. Ad esse quam repudiandae.', 5, '2020-05-05 00:55:01', '2020-05-05 00:55:01'),
(81, 41, 'Abby Johnston', 'Fugiat sint aut nulla consequatur et est. Quis sequi ut quasi accusamus recusandae. Ea perspiciatis provident corporis aspernatur doloremque. Consectetur omnis qui saepe reiciendis.', 5, '2020-05-05 00:55:01', '2020-05-05 00:55:01'),
(82, 23, 'Miss Pasquale Hane', 'Repellat autem facilis enim modi qui sit repellat fugit. Quaerat unde quos laudantium excepturi. Ut nihil ut accusamus.', 5, '2020-05-05 00:55:01', '2020-05-05 00:55:01'),
(83, 27, 'Kellie Carroll', 'Omnis odit ea ut consequatur quisquam ea. Fuga necessitatibus est laboriosam in. Minus sapiente quos eum eligendi sit temporibus nemo. Modi est dolor doloremque nostrum quos eaque doloremque occaecati.', 4, '2020-05-05 00:55:01', '2020-05-05 00:55:01'),
(84, 21, 'Selmer Schinner', 'Deleniti sit est ducimus voluptatem accusantium. Adipisci accusantium praesentium rerum velit delectus quisquam. Architecto sapiente explicabo aut aut est ut et quos.', 0, '2020-05-05 00:55:01', '2020-05-05 00:55:01'),
(85, 31, 'Ernestina Rippin', 'Necessitatibus ipsum quibusdam non quae eum aut sint. Et quis dolor quia odio sit maiores eius. Veniam et voluptatibus id illum eum quod dolores.', 1, '2020-05-05 00:55:01', '2020-05-05 00:55:01'),
(86, 29, 'Milan Raynor', 'Dolor aperiam amet voluptate sed provident. Voluptates doloremque eveniet praesentium atque. Quia tempora totam ad maxime non voluptatibus eos.', 0, '2020-05-05 00:55:01', '2020-05-05 00:55:01'),
(87, 8, 'Cleora Keebler DDS', 'Ut cum repudiandae dolores sed. Neque quae delectus velit voluptatem quia est quasi. Et et totam delectus unde.', 1, '2020-05-05 00:55:01', '2020-05-05 00:55:01'),
(88, 18, 'Theresia Schiller', 'Laborum qui quia provident minima et. Saepe architecto blanditiis veniam et omnis. Quas ullam ratione nihil unde.', 4, '2020-05-05 00:55:01', '2020-05-05 00:55:01'),
(89, 40, 'Emile Wehner', 'Ex modi sit doloremque vero minima. Maxime ipsa voluptas deserunt aut. Nulla nemo assumenda et eum sint similique nostrum. Ut quae ducimus qui aliquid dolorem tempore minima.', 4, '2020-05-05 00:55:01', '2020-05-05 00:55:01'),
(90, 48, 'Ivah Schaden', 'Ut quae et cum esse. Qui iure numquam at cum saepe. Ut nobis nam ea minus itaque pariatur.', 5, '2020-05-05 00:55:01', '2020-05-05 00:55:01'),
(91, 42, 'Elton McClure', 'Explicabo at unde eos repudiandae et aut. Id vitae quae molestiae cupiditate ut sed. Aut et sit consequatur ab.', 4, '2020-05-05 00:55:01', '2020-05-05 00:55:01'),
(92, 33, 'Sandra Stamm', 'Sapiente laborum corrupti provident id totam tempore iste. Culpa dolore ipsum inventore quis maxime nobis officia doloribus. Nulla expedita reprehenderit et et voluptates voluptas explicabo. Neque ea et doloribus et aut. Inventore pariatur est aut nostrum est voluptatem.', 1, '2020-05-05 00:55:01', '2020-05-05 00:55:01'),
(93, 39, 'Evan Moen', 'Sit itaque sapiente accusantium qui vitae consequatur. Omnis qui vitae esse ipsam eius laboriosam deleniti. Aliquid rerum optio qui perferendis sit nam excepturi. Officia nam animi inventore illo ea.', 3, '2020-05-05 00:55:01', '2020-05-05 00:55:01'),
(94, 19, 'Dr. Skye Weber', 'Corporis iusto cumque quae assumenda fugiat et consequatur. Ipsa natus ipsum inventore quos numquam delectus. Quo a magni omnis esse praesentium. Aut optio sequi exercitationem et cum fugiat ipsa. Amet enim sequi velit est.', 1, '2020-05-05 00:55:01', '2020-05-05 00:55:01'),
(95, 5, 'Ms. Orpha Ebert', 'In sed deleniti quos totam expedita assumenda voluptatem et. Iusto impedit dolores consequatur voluptas. Est consequatur iusto eum provident.', 5, '2020-05-05 00:55:01', '2020-05-05 00:55:01'),
(96, 18, 'Eldon Gutmann', 'Modi perferendis delectus tempore vitae omnis neque sapiente. Quibusdam et consequatur voluptates suscipit. Velit illo rerum dolor quos modi magni tenetur.', 0, '2020-05-05 00:55:01', '2020-05-05 00:55:01'),
(97, 23, 'Dr. Derek Gorczany III', 'Ut culpa maxime ut veritatis explicabo odio quam. Est architecto corrupti doloremque enim dolores molestiae. Perspiciatis sunt odio numquam blanditiis saepe repellendus quisquam.', 5, '2020-05-05 00:55:01', '2020-05-05 00:55:01'),
(98, 43, 'Evert Hyatt', 'Molestiae saepe pariatur distinctio. Officia labore iusto eius quia nihil ipsa. Asperiores illum optio aut quidem iusto ab totam. Sit quos animi temporibus aut.', 1, '2020-05-05 00:55:01', '2020-05-05 00:55:01'),
(99, 14, 'Toney Wiegand DDS', 'Necessitatibus officiis tenetur labore dolorem provident. Delectus sed quam molestiae eius odit. Sed ducimus numquam est sed quaerat et. Praesentium facilis qui odio sed laudantium et.', 2, '2020-05-05 00:55:01', '2020-05-05 00:55:01'),
(100, 3, 'Ola Hilpert', 'Rerum aperiam eligendi consequuntur suscipit veniam quia incidunt. Alias nesciunt sed asperiores velit labore quam placeat. Consequatur dicta vitae aut suscipit esse soluta quia. Provident quisquam natus quae rem.', 2, '2020-05-05 00:55:01', '2020-05-05 00:55:01'),
(101, 44, 'Arvid Kilback', 'Quibusdam voluptatum numquam in impedit et. Architecto voluptatem ex quaerat quis tempora quia quos enim. Labore laboriosam nobis laudantium saepe recusandae.', 1, '2020-05-05 00:55:02', '2020-05-05 00:55:02'),
(102, 13, 'Mrs. Katarina Denesik PhD', 'Accusamus et nostrum magnam tempora occaecati iure repellendus. Reiciendis omnis eligendi delectus adipisci maiores repellendus vel. Eius nam illum commodi possimus autem qui est. Aut et et quam esse aut alias.', 1, '2020-05-05 00:55:02', '2020-05-05 00:55:02'),
(103, 5, 'Joanne Williamson', 'Earum neque consequatur minima aut. Autem quis nemo quibusdam et nesciunt voluptatem dolores vero. Ex non ut facere error. Voluptas aperiam est fugit omnis.', 3, '2020-05-05 00:55:02', '2020-05-05 00:55:02'),
(104, 20, 'Madelyn Metz', 'Quia aut velit sed consequatur. Et aut ratione molestiae. Saepe et aut qui perferendis optio.', 5, '2020-05-05 00:55:02', '2020-05-05 00:55:02'),
(105, 36, 'Britney Klocko Jr.', 'Deserunt fugiat non eos accusantium sunt quo. Consectetur harum assumenda consequatur consequatur. Nihil dignissimos voluptate quis iusto placeat.', 0, '2020-05-05 00:55:02', '2020-05-05 00:55:02'),
(106, 32, 'Gladys Wintheiser', 'Praesentium ratione architecto est autem rerum culpa illum. Autem reiciendis culpa deserunt sunt est velit. Tempora quod eius minima.', 2, '2020-05-05 00:55:02', '2020-05-05 00:55:02'),
(107, 34, 'Jennings Hamill', 'Atque repellat cupiditate doloribus quo. Consequatur dolor est debitis voluptatum consequatur. Id deserunt reprehenderit qui. Quia voluptas vel magnam consequatur atque enim officia velit. Aut velit rerum quas officia distinctio voluptatem impedit.', 5, '2020-05-05 00:55:02', '2020-05-05 00:55:02'),
(108, 6, 'Tyreek Gusikowski Jr.', 'Deserunt nulla est vel. Et voluptatum voluptate dolores necessitatibus illum nulla veniam qui. Harum culpa autem sequi expedita et voluptatum.', 1, '2020-05-05 00:55:02', '2020-05-05 00:55:02'),
(109, 14, 'Miss Violette Gutkowski V', 'Quia ad accusamus quaerat dicta. Ex eveniet autem iste ut quae aperiam qui. Et eos et voluptatibus deserunt.', 2, '2020-05-05 00:55:02', '2020-05-05 00:55:02'),
(110, 2, 'Wilmer Lowe', 'Vel molestiae aut quo quia ullam. Voluptatem ea voluptatibus dolores facere in voluptatibus sint. Quia vero sint velit et dicta nihil.', 0, '2020-05-05 00:55:02', '2020-05-05 00:55:02'),
(111, 47, 'Pierce Fahey PhD', 'Quis distinctio labore sunt rerum tempore. Quisquam necessitatibus nisi debitis voluptatem in quis. Quis quae nemo minima quidem omnis praesentium tempora.', 3, '2020-05-05 00:55:02', '2020-05-05 00:55:02'),
(112, 21, 'Rickey O\'Connell', 'Perferendis quae ut ut rerum est qui. Sint nihil ut praesentium ea. Reiciendis dignissimos doloremque fugit reiciendis dolorem at.', 1, '2020-05-05 00:55:02', '2020-05-05 00:55:02'),
(113, 48, 'Miss Deborah Becker III', 'Voluptatem excepturi et atque. Dolore sed dolor ut eum. Officia sunt necessitatibus voluptate nam ut. Non sequi debitis aut voluptas consequatur magni omnis. Delectus sapiente perspiciatis iste incidunt ducimus harum.', 2, '2020-05-05 00:55:02', '2020-05-05 00:55:02'),
(114, 17, 'Susie Rowe', 'Et ipsa libero perspiciatis et quia odit. Rem est officiis id provident. Eligendi quisquam culpa laborum enim non aspernatur voluptates. Sit reprehenderit necessitatibus aut repellat cum fugit.', 0, '2020-05-05 00:55:02', '2020-05-05 00:55:02'),
(115, 12, 'Noemie Bartell', 'Possimus exercitationem qui amet non. Et cum sed qui consequatur. Facilis tempora molestiae sint repellendus mollitia dolorum eligendi. Asperiores sed iure unde voluptas.', 1, '2020-05-05 00:55:02', '2020-05-05 00:55:02'),
(116, 40, 'Dr. Jerod Wunsch I', 'Repudiandae numquam est et. Eos sint inventore cum autem. Laboriosam est qui cum fugiat et fugiat.', 1, '2020-05-05 00:55:02', '2020-05-05 00:55:02'),
(117, 48, 'Mrs. Rebeka Goldner Sr.', 'Sunt facilis sint dolorum voluptatem accusantium. Debitis ut nostrum omnis ad officia animi. Accusamus optio sapiente ea impedit laborum.', 1, '2020-05-05 00:55:02', '2020-05-05 00:55:02'),
(118, 36, 'Miss Gladyce Mraz', 'Placeat quis explicabo velit officia recusandae inventore qui. Suscipit dolorem distinctio qui dolor veniam deserunt maiores. Consequatur cum dicta accusamus quas expedita. Et sunt eius perspiciatis quis.', 2, '2020-05-05 00:55:02', '2020-05-05 00:55:02'),
(119, 42, 'Mrs. Sophia Reichert DVM', 'Sequi sint exercitationem non velit qui debitis dicta ea. Animi atque id quia consequatur ducimus.', 1, '2020-05-05 00:55:02', '2020-05-05 00:55:02'),
(120, 19, 'Zachary Reilly', 'Autem sit vitae commodi aut quia accusantium eius. Aut est fugit eius rem et. Numquam cum itaque deserunt sed itaque et. Veritatis nesciunt unde quas unde.', 4, '2020-05-05 00:55:02', '2020-05-05 00:55:02'),
(121, 40, 'Anthony Kihn', 'Neque voluptatem vel repellat voluptatibus accusantium praesentium. Molestiae qui ea ad eveniet. Eveniet optio sed vel eius. Quod dicta et ut.', 5, '2020-05-05 00:55:02', '2020-05-05 00:55:02'),
(122, 28, 'Chris Schiller Jr.', 'Illo quasi cum quidem eos. Doloremque velit doloremque optio. Temporibus qui et illo velit eos facere. Non et quia natus consequatur.', 4, '2020-05-05 00:55:03', '2020-05-05 00:55:03'),
(123, 16, 'Rachel Koelpin', 'Sapiente omnis sed rerum et accusantium nihil molestias. Qui et sint eum laboriosam.', 5, '2020-05-05 00:55:03', '2020-05-05 00:55:03'),
(124, 22, 'Jayda Goldner', 'At rerum ut sed vero. Voluptatem dolores mollitia est. Repellat et sed iure sint.', 0, '2020-05-05 00:55:03', '2020-05-05 00:55:03'),
(125, 32, 'Eulah Roob', 'At provident quam sit. Dolorem suscipit doloribus exercitationem iure recusandae deleniti distinctio et. Tenetur animi et maiores est. Perspiciatis ut vel qui.', 0, '2020-05-05 00:55:03', '2020-05-05 00:55:03'),
(126, 13, 'Zechariah Kuhlman', 'Nam aspernatur totam labore. Officiis vel qui voluptas rerum ut et vitae soluta. Iusto mollitia vero ipsa aut.', 1, '2020-05-05 00:55:03', '2020-05-05 00:55:03'),
(127, 45, 'Kayleigh Bradtke', 'Consequuntur repudiandae id quisquam provident voluptatum nostrum ut. Repudiandae libero in illo voluptates ut nostrum. Repudiandae in dolorum ut qui tenetur sunt.', 0, '2020-05-05 00:55:03', '2020-05-05 00:55:03'),
(128, 34, 'Jenifer McGlynn', 'Vel molestiae deleniti debitis et omnis cum et. Occaecati sit corrupti sed ad. Quo molestiae dolorum odit. Dignissimos dignissimos fugit sed voluptatem inventore.', 5, '2020-05-05 00:55:03', '2020-05-05 00:55:03'),
(129, 47, 'Mozell Turner III', 'Maxime iure corporis et numquam. Et ut et quasi quasi neque id architecto. Quae maxime suscipit est iure voluptate aut amet.', 3, '2020-05-05 00:55:03', '2020-05-05 00:55:03'),
(130, 28, 'Joseph Toy', 'Et nobis aut cumque numquam molestiae commodi et. Inventore placeat iste ipsa amet esse. Dignissimos reiciendis nam vitae rerum qui consectetur et. Minima velit dolores voluptates eveniet.', 0, '2020-05-05 00:55:03', '2020-05-05 00:55:03'),
(131, 36, 'Dr. Nathanael Weissnat', 'Est iusto eum dolorem suscipit architecto et totam. Consequatur quaerat in id pariatur sequi. Magni similique et blanditiis laudantium doloremque dolorem nisi.', 1, '2020-05-05 00:55:03', '2020-05-05 00:55:03'),
(132, 38, 'Ms. Evalyn Emard', 'Sequi quia qui ipsum ipsum quis repellendus totam. Est et aliquam atque veritatis. Nulla deserunt et natus. Magnam distinctio quisquam vel commodi aperiam accusantium.', 4, '2020-05-05 00:55:03', '2020-05-05 00:55:03'),
(133, 13, 'Cleo Schmitt', 'Eum omnis non expedita illo voluptatem consequatur. Qui consequatur consequatur deleniti laborum iure incidunt. Culpa asperiores voluptas temporibus.', 3, '2020-05-05 00:55:03', '2020-05-05 00:55:03'),
(134, 21, 'Jazlyn Eichmann', 'Occaecati inventore officiis unde. Voluptatem alias vel omnis libero. Similique mollitia quae corrupti voluptatum veritatis asperiores.', 1, '2020-05-05 00:55:03', '2020-05-05 00:55:03'),
(135, 16, 'Wiley Doyle', 'Aliquid magnam quia ratione id. Laboriosam voluptatem iure explicabo ea nisi. In qui occaecati fugit ut.', 4, '2020-05-05 00:55:03', '2020-05-05 00:55:03'),
(136, 22, 'Mozelle Bashirian', 'Et enim quos debitis voluptatum perferendis. In qui eos ducimus voluptatibus aliquid nam. Corrupti non deserunt autem nostrum iusto iure.', 5, '2020-05-05 00:55:03', '2020-05-05 00:55:03'),
(137, 38, 'Miss Juanita Gaylord Jr.', 'Quam ut optio eum dolores est dolore. Ea minima porro enim similique quam. Molestias facere hic accusamus dignissimos. Eos est quisquam ut.', 2, '2020-05-05 00:55:03', '2020-05-05 00:55:03'),
(138, 10, 'Ellen Aufderhar', 'Ut ut beatae et qui. Et voluptatem ad aperiam voluptatem ipsam quis fugiat quis. Pariatur aut iure dolor sit sunt est autem.', 1, '2020-05-05 00:55:03', '2020-05-05 00:55:03'),
(139, 27, 'Oral Larson', 'Voluptatem autem distinctio et aspernatur. Placeat harum voluptatem in libero ut veritatis. Fuga accusamus blanditiis et exercitationem quisquam. Odio provident rerum aut aperiam animi.', 3, '2020-05-05 00:55:03', '2020-05-05 00:55:03'),
(140, 22, 'Mr. Korbin Greenfelder', 'Quis ipsum excepturi voluptatem repellat nam ut. Dignissimos non ab consequatur cumque officia minima quia omnis. Dolorum ut voluptate id occaecati quis at. Aliquam ratione rem ut sunt.', 2, '2020-05-05 00:55:03', '2020-05-05 00:55:03'),
(141, 26, 'Kacey Donnelly', 'Excepturi odio doloribus voluptates voluptatem veniam fugiat repellat. Sequi et consequatur corporis omnis assumenda est illo. Aut vel sapiente inventore sunt aliquam deserunt rem.', 3, '2020-05-05 00:55:03', '2020-05-05 00:55:03'),
(142, 12, 'Cyrus Krajcik', 'Modi et autem ea quas delectus voluptate. Iure quis minima sunt laborum in. Ipsa cupiditate dolorem non beatae ipsam quasi excepturi. Tempora omnis praesentium quia quia nam.', 0, '2020-05-05 00:55:03', '2020-05-05 00:55:03'),
(143, 29, 'Araceli Fritsch', 'Aut omnis facilis error id ut. Qui qui voluptate eum soluta. Nesciunt excepturi saepe assumenda qui.', 4, '2020-05-05 00:55:03', '2020-05-05 00:55:03'),
(144, 27, 'Elta Bruen', 'Quas assumenda quia totam doloremque. Recusandae esse labore aliquid. In aliquid ipsam officiis hic non. Illo earum unde adipisci ipsa.', 2, '2020-05-05 00:55:03', '2020-05-05 00:55:03'),
(145, 6, 'Lew Greenholt', 'Quia porro consequatur velit ullam laboriosam omnis. Velit eius quaerat molestias delectus et.', 0, '2020-05-05 00:55:03', '2020-05-05 00:55:03'),
(146, 41, 'Antwan Jones', 'Quis laboriosam culpa vel ut fugiat. Voluptas facere eaque doloribus atque harum. Modi suscipit repellat blanditiis voluptas eos.', 5, '2020-05-05 00:55:03', '2020-05-05 00:55:03'),
(147, 47, 'Anastasia Gorczany Sr.', 'Omnis aliquam ab velit voluptas. Ducimus omnis saepe et magni velit earum amet. Maxime sit consequuntur est ut.', 4, '2020-05-05 00:55:04', '2020-05-05 00:55:04'),
(148, 37, 'Earnest Tillman MD', 'Aut nobis et minus sint corrupti qui ut autem. Est ipsa laboriosam eos ut. Natus delectus recusandae et sint. Et quis suscipit eum nihil possimus ad.', 5, '2020-05-05 00:55:04', '2020-05-05 00:55:04'),
(149, 30, 'Laney Kshlerin', 'Dolorem deleniti tempore sunt sit possimus reiciendis. Nisi sunt consectetur quia ipsam deleniti harum quam. Blanditiis perferendis minima necessitatibus repudiandae quos iusto. In dolores ea aut cumque.', 4, '2020-05-05 00:55:04', '2020-05-05 00:55:04'),
(150, 39, 'Prof. Elza Pagac IV', 'Expedita rerum officia quia omnis. Mollitia eos deleniti amet hic impedit quia dicta molestias. Quo sit sit autem animi neque. Porro in laudantium voluptas ducimus saepe culpa est.', 2, '2020-05-05 00:55:04', '2020-05-05 00:55:04'),
(151, 50, 'Torrance O\'Reilly', 'Qui consectetur nobis ut velit voluptatum. Officia qui reprehenderit laboriosam voluptatem id a enim. Animi provident iure iure.', 4, '2020-05-05 00:55:04', '2020-05-05 00:55:04'),
(152, 11, 'Dr. Giovanni Bechtelar', 'Qui officiis veniam molestiae voluptatibus placeat consequatur dignissimos. Qui nihil porro rerum ipsam libero et. Beatae temporibus ipsum placeat est. Tempore ut omnis beatae qui nostrum dolore sapiente. Itaque sed sit quia labore mollitia corrupti nisi.', 0, '2020-05-05 00:55:04', '2020-05-05 00:55:04'),
(153, 37, 'Vaughn Volkman', 'Deleniti excepturi nam ipsum aliquam ipsum voluptatem. Reiciendis libero non ipsum quo quas eveniet eos animi. Odit repellendus dicta architecto fuga quo aut ratione molestias. Fugit dolores rerum repellendus officiis culpa placeat.', 1, '2020-05-05 00:55:04', '2020-05-05 00:55:04'),
(154, 35, 'Giovanny Boyle', 'Illum fugit rerum et. Exercitationem ut quo voluptas ex earum. Repudiandae odit nam saepe laborum dolorem. Repudiandae a nulla doloribus qui debitis.', 4, '2020-05-05 00:55:04', '2020-05-05 00:55:04'),
(155, 6, 'Mrs. Micaela Zboncak IV', 'Consectetur expedita quod qui dignissimos placeat sit quis in. Ullam earum dolor dolor minus blanditiis qui eveniet. Dolores dolorem dolorem vitae. Voluptatem voluptatum cupiditate enim neque eos recusandae vel.', 1, '2020-05-05 00:55:04', '2020-05-05 00:55:04'),
(156, 33, 'Aniya Pouros', 'Maxime delectus consequatur minima et repellendus ex a. Veritatis similique culpa aliquid. Qui voluptatem nihil sapiente sed aut illum recusandae. Labore cumque pariatur rerum ex. Illum est a animi quia dolores ducimus.', 3, '2020-05-05 00:55:04', '2020-05-05 00:55:04'),
(157, 9, 'Caleb Terry DDS', 'Similique ea velit dolores aut nihil dolores. Exercitationem quia in ut placeat qui cupiditate dolore. Et sed repellendus similique excepturi libero corporis sint sint.', 2, '2020-05-05 00:55:04', '2020-05-05 00:55:04'),
(158, 21, 'Pascale Gulgowski', 'Ipsa non recusandae consequatur. Quidem officia iusto in hic reiciendis est culpa. Eveniet architecto qui omnis ut.', 4, '2020-05-05 00:55:04', '2020-05-05 00:55:04'),
(159, 2, 'Jakayla Yost', 'Placeat corporis est soluta non. Nihil nihil tempora minima et quidem at. Consequatur autem sint ducimus nam sit placeat similique aliquid.', 1, '2020-05-05 00:55:05', '2020-05-05 00:55:05'),
(160, 47, 'Rebeca Dooley', 'Quo ad dolores quo nulla nesciunt et. Optio ex corporis eum nemo. Amet odio voluptatem praesentium voluptates placeat perspiciatis.', 0, '2020-05-05 00:55:05', '2020-05-05 00:55:05'),
(161, 31, 'Constance Kuvalis', 'Velit repellendus et officiis aspernatur quas quia. Et et at est provident beatae. Expedita enim qui vero sequi ut error.', 0, '2020-05-05 00:55:05', '2020-05-05 00:55:05'),
(162, 33, 'Fermin Mayer', 'Beatae sunt unde consequatur vero. Dolore nesciunt doloribus ipsam et. Sint laudantium sequi amet et soluta autem aliquam.', 1, '2020-05-05 00:55:05', '2020-05-05 00:55:05'),
(163, 46, 'Tate Nitzsche', 'Sint officia consequatur aliquam sit quo nostrum eos. Eum quo dolorum eius omnis enim. Voluptatem doloribus ut voluptate eaque. Repudiandae debitis veritatis in ex distinctio.', 5, '2020-05-05 00:55:05', '2020-05-05 00:55:05'),
(164, 10, 'Joana Balistreri', 'Corporis omnis ad a consequatur aspernatur est quia. Dolor distinctio maiores odio iste non quos ut molestiae. Ad illum et explicabo perferendis quam. Non odit illo reprehenderit veritatis.', 4, '2020-05-05 00:55:05', '2020-05-05 00:55:05'),
(165, 43, 'Markus Bogan DDS', 'Minus ut quasi et qui maiores eius omnis. Nihil necessitatibus doloremque accusamus id. Optio non autem perspiciatis rerum ut quam. A tenetur dignissimos et doloribus est dolores odit.', 4, '2020-05-05 00:55:05', '2020-05-05 00:55:05'),
(166, 8, 'Kristoffer Runolfsson I', 'Vel deserunt amet laudantium corporis autem. Et accusantium reiciendis dolores voluptatem. Optio voluptatem necessitatibus ut ratione et dolorum.', 3, '2020-05-05 00:55:05', '2020-05-05 00:55:05'),
(167, 20, 'Caden Reinger', 'A optio vero eveniet illum blanditiis eum inventore et. Perferendis et enim omnis qui a non. Fugit voluptatem officia est amet in cumque in tempora. Dolores pariatur expedita et animi eaque.', 1, '2020-05-05 00:55:05', '2020-05-05 00:55:05'),
(168, 33, 'Ellen Kiehn', 'Deleniti perferendis modi assumenda consequuntur ut. Rerum et maiores eaque repudiandae provident in et. Non in laborum ut quae sunt omnis quaerat. Sit officiis sed aspernatur non.', 0, '2020-05-05 00:55:05', '2020-05-05 00:55:05'),
(169, 18, 'Elza Rice', 'Eius harum commodi dignissimos veritatis. Dolor magnam officia voluptatum culpa et eveniet impedit. Saepe officia suscipit velit iste.', 4, '2020-05-05 00:55:05', '2020-05-05 00:55:05'),
(170, 50, 'Miss Cathy Beahan', 'Eius nihil quaerat eius. Omnis est dignissimos possimus enim illo molestiae maiores. Doloribus blanditiis ullam minima debitis voluptas.', 5, '2020-05-05 00:55:05', '2020-05-05 00:55:05'),
(171, 37, 'Dr. Chadrick Block IV', 'Aut delectus assumenda aut ipsa distinctio. Minima vel cumque qui quasi voluptates. Quibusdam architecto doloremque dolorem voluptate velit aut earum et. Debitis ipsam iusto sit deleniti qui et.', 5, '2020-05-05 00:55:05', '2020-05-05 00:55:05'),
(172, 2, 'Donavon White', 'Dolor at qui quidem fuga voluptatem. Aut nihil debitis et. Ut est autem quia minus. In et qui molestiae blanditiis cumque tenetur itaque.', 2, '2020-05-05 00:55:05', '2020-05-05 00:55:05'),
(173, 4, 'Granville Dare III', 'Expedita ad assumenda in reprehenderit. Debitis voluptas laborum accusantium perferendis.', 5, '2020-05-05 00:55:05', '2020-05-05 00:55:05'),
(174, 28, 'Mr. Emmitt Sipes', 'Maiores necessitatibus officiis occaecati ea repellat non sit. Iure necessitatibus voluptatem dolor blanditiis cumque. Molestias sapiente nulla eos rerum. Nam velit inventore voluptates expedita laudantium aspernatur.', 0, '2020-05-05 00:55:05', '2020-05-05 00:55:05'),
(175, 38, 'Floyd Abbott I', 'Soluta sint impedit eius expedita nihil illo blanditiis eius. Eveniet dolores qui repudiandae in voluptatem voluptatem dicta. Nisi repellat quia quae sed sapiente officia.', 4, '2020-05-05 00:55:05', '2020-05-05 00:55:05'),
(176, 1, 'Miss Robyn Jerde V', 'Eum consequuntur et incidunt excepturi. Sed quaerat praesentium est ad aut omnis minima. Libero vitae autem voluptatibus est corrupti eos.', 4, '2020-05-05 00:55:05', '2020-05-05 00:55:05'),
(177, 21, 'Mr. Russel Mueller DVM', 'Et possimus consequatur commodi quis eius. Non autem reiciendis sit. Nam consequatur voluptates ut debitis odit rerum et quidem.', 0, '2020-05-05 00:55:05', '2020-05-05 00:55:05'),
(178, 44, 'Alexandre Gutkowski MD', 'Neque non alias vero. Exercitationem voluptatibus maiores corporis maiores. Pariatur et ut et dolor.', 3, '2020-05-05 00:55:05', '2020-05-05 00:55:05'),
(179, 14, 'Kenton DuBuque', 'Recusandae facere illo aperiam consectetur fugiat. Rerum assumenda distinctio vel cumque. Ut eveniet ut quis a qui ratione aut doloribus.', 0, '2020-05-05 00:55:05', '2020-05-05 00:55:05'),
(180, 9, 'Amparo Bernhard', 'Sunt incidunt incidunt dolorum. Porro voluptas nostrum reprehenderit voluptas. In ducimus et ipsum. Eum error autem qui veniam sint consectetur.', 3, '2020-05-05 00:55:05', '2020-05-05 00:55:05'),
(181, 47, 'Mrs. Camilla Gerlach', 'Sed eos et sit et. Unde sit facilis sint sapiente quia quasi. Vel harum quia maiores quos non rem omnis error.', 5, '2020-05-05 00:55:05', '2020-05-05 00:55:05'),
(182, 10, 'Prof. Chad Strosin DDS', 'Et amet rerum praesentium quam. Dolorem delectus eaque itaque quibusdam consequatur et. Exercitationem nemo et ex quam. Corporis distinctio velit qui. Aut error laboriosam eveniet.', 1, '2020-05-05 00:55:05', '2020-05-05 00:55:05'),
(183, 8, 'Cruz Price', 'Necessitatibus doloremque sapiente omnis non. Ex blanditiis maxime neque hic. Repellat aut doloremque laborum iusto voluptatem est quidem in. Dolorem tempore ut tempore.', 3, '2020-05-05 00:55:05', '2020-05-05 00:55:05'),
(184, 40, 'Johnpaul Balistreri', 'Consequatur et omnis non doloremque. Nulla cumque magnam voluptatem temporibus omnis tenetur vel aperiam. Itaque enim cumque sint accusamus quia.', 4, '2020-05-05 00:55:06', '2020-05-05 00:55:06'),
(185, 31, 'Mikayla Rippin MD', 'Tempora nihil laudantium quod alias ipsum aut. Assumenda voluptatem esse architecto rerum cumque odio quibusdam nam. Quo corporis delectus labore ut velit consequatur qui. Et ut quaerat autem ratione culpa animi.', 5, '2020-05-05 00:55:06', '2020-05-05 00:55:06'),
(186, 42, 'Ashton McLaughlin', 'Possimus minima perferendis reiciendis ducimus ea fugit soluta. Qui esse saepe est dolorum. Ad sunt qui nobis dolorem dignissimos eaque.', 2, '2020-05-05 00:55:06', '2020-05-05 00:55:06'),
(187, 11, 'Prof. Claudie Harris II', 'Vel voluptas consequuntur ad aut. Dolor culpa perspiciatis sunt maxime voluptate. Et repellat nulla error modi ipsam dolorum in. Suscipit modi incidunt a.', 3, '2020-05-05 00:55:06', '2020-05-05 00:55:06'),
(188, 3, 'Furman Hermiston', 'Eveniet aspernatur odit fugit et voluptas nobis voluptatem minus. Aspernatur accusamus nihil facilis suscipit sit quas. Temporibus culpa aut ex voluptatem inventore nemo sint asperiores. Odit maiores delectus autem vel qui et esse eveniet.', 1, '2020-05-05 00:55:06', '2020-05-05 00:55:06'),
(189, 7, 'Sallie Wolf', 'Velit illum voluptas quisquam molestiae et maxime. Aspernatur quisquam ea totam aut neque ut pariatur. Omnis nihil repudiandae sequi sed.', 3, '2020-05-05 00:55:06', '2020-05-05 00:55:06'),
(190, 7, 'Mrs. Esperanza Hickle', 'Et sunt amet doloribus dolorem voluptatibus. Non quos vero et rem. Dolorum assumenda rem alias sunt consequatur reprehenderit. Voluptatem alias sunt vero deserunt iusto doloribus voluptatem.', 1, '2020-05-05 00:55:06', '2020-05-05 00:55:06'),
(191, 46, 'Johnathon Ritchie', 'Id non cumque ab corrupti. Nostrum enim et facilis exercitationem sit magni nobis. Omnis at aliquid libero labore placeat pariatur.', 2, '2020-05-05 00:55:06', '2020-05-05 00:55:06'),
(192, 17, 'Prof. Michel Donnelly DVM', 'Sequi aliquid vitae quia ut. Omnis dolore dolor repellendus. Ullam tempore ad recusandae ut ipsum sint.', 2, '2020-05-05 00:55:06', '2020-05-05 00:55:06'),
(193, 28, 'Prof. Fabian Harber IV', 'Sit consequatur dolor labore aliquid. Temporibus consequatur ea quas possimus commodi quis omnis. Ullam necessitatibus nostrum incidunt ut et molestiae tempora. Eum magni aut pariatur impedit numquam inventore.', 3, '2020-05-05 00:55:06', '2020-05-05 00:55:06'),
(194, 1, 'Henderson Cronin', 'Sequi ut est sed laudantium. Doloremque voluptatem nostrum officiis eum et aliquid iure. Et cupiditate earum velit doloremque at aut sequi totam. Voluptatibus ullam totam sed dolorum a ea.', 0, '2020-05-05 00:55:06', '2020-05-05 00:55:06'),
(195, 44, 'Laverne Pollich', 'Iure eaque nam suscipit et voluptas. Nemo ipsam laboriosam cumque ut ipsa quam eligendi. Molestiae quo ut voluptatem quos dignissimos ea.', 1, '2020-05-05 00:55:06', '2020-05-05 00:55:06'),
(196, 20, 'Lavada Nienow', 'Eaque aut est ducimus qui excepturi soluta autem. Iste doloribus similique cumque non qui amet officia molestiae. Rerum rerum at totam placeat exercitationem. Consequatur suscipit modi aliquam.', 0, '2020-05-05 00:55:06', '2020-05-05 00:55:06'),
(197, 10, 'Prof. Joseph Kutch', 'Minus dolores vel expedita in adipisci rerum doloribus. Itaque harum eveniet eligendi quia sint ut asperiores. Id sapiente non nostrum ullam. Facere cupiditate molestias aut distinctio molestias.', 1, '2020-05-05 00:55:06', '2020-05-05 00:55:06'),
(198, 27, 'Katheryn Kertzmann II', 'Deserunt et numquam et non. Non cupiditate qui officiis rerum eum odio. Nesciunt aperiam quasi porro animi qui qui.', 1, '2020-05-05 00:55:06', '2020-05-05 00:55:06'),
(199, 47, 'Prof. Nya Kiehn III', 'Explicabo nulla perspiciatis corrupti rerum. Nulla sunt molestias illum quia nobis. Aliquid mollitia incidunt atque eum occaecati quis perferendis.', 3, '2020-05-05 00:55:06', '2020-05-05 00:55:06'),
(200, 30, 'Prof. Jasen Marks I', 'Nihil at adipisci ad et. Inventore aut neque rem facere adipisci. Aut sit ut odit repellat sunt sit nobis.', 1, '2020-05-05 00:55:06', '2020-05-05 00:55:06'),
(201, 30, 'Prof. Freida Murazik V', 'Explicabo recusandae modi quis in sed possimus. Odit ullam quibusdam sed at dolor. Aut omnis ullam tempore ut nihil tempore provident. Facilis ut illo accusantium et qui saepe.', 1, '2020-05-05 00:55:06', '2020-05-05 00:55:06'),
(202, 5, 'Emmett Huel', 'Tempore aspernatur saepe quidem harum commodi delectus nulla. Sint velit ut et odit quis ab. Saepe laudantium dolorum animi laboriosam laudantium.', 1, '2020-05-05 00:55:07', '2020-05-05 00:55:07'),
(203, 36, 'Houston Ernser', 'Minus ad voluptatem fugit. Nulla numquam fugiat reiciendis et sint explicabo exercitationem quia. Qui voluptatem neque nisi velit qui et.', 2, '2020-05-05 00:55:07', '2020-05-05 00:55:07'),
(204, 35, 'Lindsey Batz', 'Quasi quod recusandae totam consequatur delectus non. Optio in libero non aliquid sunt laborum. Animi ut porro iusto iusto nulla consequatur non.', 5, '2020-05-05 00:55:07', '2020-05-05 00:55:07'),
(205, 28, 'Sigurd Sporer', 'Voluptatem cumque nostrum omnis vel impedit enim voluptatibus. Eveniet quae a et et eveniet qui. Nesciunt ipsum praesentium et et recusandae cum necessitatibus est. Doloribus eligendi temporibus tempora corrupti.', 3, '2020-05-05 00:55:07', '2020-05-05 00:55:07'),
(206, 6, 'Alan Little', 'Aperiam laboriosam voluptatem illo tempore optio. Voluptatem eum voluptates dolorem ratione ipsam sed sunt quis. Quos dolorem illum temporibus tenetur.', 5, '2020-05-05 00:55:07', '2020-05-05 00:55:07'),
(207, 19, 'Benton Simonis', 'Eos est molestiae voluptatibus sit. Ut quos nisi et qui aut occaecati velit sit. Expedita numquam tenetur vel nisi blanditiis quia voluptatem. Architecto tenetur beatae et aperiam nihil qui aliquid possimus.', 4, '2020-05-05 00:55:07', '2020-05-05 00:55:07'),
(208, 41, 'Prof. Donnell Johns I', 'Et inventore veniam voluptatum facilis tempora vel et suscipit. Ea itaque velit mollitia ullam sit saepe consequatur. Accusamus et illum vero nihil voluptatem illum eaque quia. Quasi expedita tenetur non sed quae vero.', 5, '2020-05-05 00:55:07', '2020-05-05 00:55:07'),
(209, 9, 'Ms. Josianne Murphy', 'Ut similique tenetur qui id et est perspiciatis. Assumenda aut odio quis quae nemo. At aut a beatae dolor sunt ut rerum. Eum enim at nobis quasi eveniet voluptatum consequatur.', 3, '2020-05-05 00:55:07', '2020-05-05 00:55:07'),
(210, 28, 'Nayeli Zieme', 'Unde placeat quia consequuntur quod in. Ex fugit nulla earum sed voluptas beatae. Minus hic corporis eius quis quo et omnis.', 2, '2020-05-05 00:55:07', '2020-05-05 00:55:07');
INSERT INTO `reviews` (`id`, `product_id`, `customer`, `review`, `star`, `created_at`, `updated_at`) VALUES
(211, 36, 'Ms. Mertie Roberts DDS', 'Aut et optio ipsa odit iste ea. Molestias voluptatem excepturi aut incidunt. Hic et quas vero et fuga aliquam.', 0, '2020-05-05 00:55:07', '2020-05-05 00:55:07'),
(212, 12, 'Rosetta Langworth', 'Tempore doloremque beatae et corporis voluptatem. Odit dolores voluptas incidunt saepe omnis voluptatibus aut. Nisi quis repellat et.', 4, '2020-05-05 00:55:07', '2020-05-05 00:55:07'),
(213, 29, 'Rhianna Goyette', 'Neque facilis aperiam exercitationem quibusdam. Ipsam sint dicta qui aperiam aut maiores veritatis. Autem dolorem dolorem dolorem error minima ea magnam. Sint facere dolores dolores repellat enim. Modi quia maiores corporis dolor sint.', 0, '2020-05-05 00:55:07', '2020-05-05 00:55:07'),
(214, 12, 'Kiana Tromp MD', 'Eaque sed quasi reiciendis mollitia sunt blanditiis. Libero accusantium quos laboriosam corporis repellat recusandae. Error temporibus ut non consequatur laborum. Iusto harum et consequatur modi voluptatibus.', 0, '2020-05-05 00:55:07', '2020-05-05 00:55:07'),
(215, 39, 'Mathilde Conn', 'Magni qui perferendis molestiae rerum enim quos. Nam unde in nihil laborum et possimus. Inventore eos vel et voluptas. Ducimus saepe magni nihil minus eos.', 3, '2020-05-05 00:55:07', '2020-05-05 00:55:07'),
(216, 19, 'Andreanne Langosh', 'Tempore ut a voluptatum provident dolorum atque. In consequatur provident quia quia veniam porro. Dolores aliquam sit tenetur et sint accusantium repellendus dolor.', 4, '2020-05-05 00:55:07', '2020-05-05 00:55:07'),
(217, 7, 'Martin Lindgren', 'Porro esse quod ipsam qui. Perspiciatis ea et magni dolores. Ut culpa non rem minima officia. Harum adipisci earum minima qui voluptates laboriosam.', 1, '2020-05-05 00:55:07', '2020-05-05 00:55:07'),
(218, 46, 'Patsy Bins', 'Occaecati quia ut aut eius ipsa aliquid soluta. Cupiditate delectus porro voluptatem voluptates provident quis.', 1, '2020-05-05 00:55:07', '2020-05-05 00:55:07'),
(219, 25, 'Willis Crooks', 'Cum et eius dignissimos dolores. Odit tempore ducimus a accusantium repudiandae molestiae. Sed libero error dolores quos sunt error.', 5, '2020-05-05 00:55:07', '2020-05-05 00:55:07'),
(220, 40, 'Mrs. Marlee Brekke Jr.', 'Modi ea nostrum vel atque qui. Incidunt fuga aut in pariatur. Iusto non tenetur aliquid ut et perferendis. Laborum id saepe iusto magnam ducimus dolores impedit consectetur. Non iusto nesciunt ducimus ex dignissimos eius eius.', 2, '2020-05-05 00:55:07', '2020-05-05 00:55:07'),
(221, 43, 'Mr. Golden Boehm DDS', 'Iste nihil dolor voluptates quidem quo reiciendis. Eos enim eaque ad voluptate molestiae repellendus omnis. Harum dolores eos sapiente alias molestiae explicabo. Molestias repudiandae delectus odit laborum dolorem. Id dolores enim atque.', 5, '2020-05-05 00:55:07', '2020-05-05 00:55:07'),
(222, 5, 'Rebeca Frami PhD', 'Ducimus voluptate quia veritatis quaerat in. Facilis cumque pariatur quidem iste. Sed voluptatem vel molestiae delectus qui eum. Et sed cupiditate repudiandae.', 5, '2020-05-05 00:55:07', '2020-05-05 00:55:07'),
(223, 25, 'Nova Wiegand', 'Corrupti beatae voluptatem repudiandae ut. Aliquid assumenda reiciendis soluta quis consequatur. Sunt dolore id cupiditate illo voluptatum.', 2, '2020-05-05 00:55:07', '2020-05-05 00:55:07'),
(224, 19, 'Ima Purdy', 'Deleniti iusto soluta a amet repudiandae aut qui. Vel perferendis hic corrupti hic. Iusto excepturi necessitatibus blanditiis numquam. Quos quo est ut quia aut. Veniam accusantium et eveniet et veritatis repellat atque.', 5, '2020-05-05 00:55:07', '2020-05-05 00:55:07'),
(225, 42, 'Ulises Corkery', 'Magnam exercitationem dolores enim ad. Qui quis cupiditate in enim dolore eum itaque. Animi est tempore consectetur ut quasi. Quis unde officia iste voluptas autem est sit. Harum suscipit voluptas voluptatem non eos.', 2, '2020-05-05 00:55:07', '2020-05-05 00:55:07'),
(226, 13, 'Aliya Bartoletti Sr.', 'Asperiores voluptatem id enim delectus qui fugiat. Et est aut quibusdam sit. Voluptate itaque magnam id. Reprehenderit magnam dicta molestiae veritatis laboriosam qui a.', 3, '2020-05-05 00:55:07', '2020-05-05 00:55:07'),
(227, 44, 'Margarita Bernier', 'Earum totam et eum et ex ipsam. Commodi dolore debitis eum quae eius sapiente perspiciatis. Sed quod necessitatibus et voluptas.', 0, '2020-05-05 00:55:07', '2020-05-05 00:55:07'),
(228, 42, 'Arielle Brekke I', 'Sit maxime ullam occaecati deserunt perferendis unde. Est laudantium nostrum ratione quam. Deserunt numquam est omnis fuga officiis optio. Id aperiam sit dicta est repellat dicta.', 0, '2020-05-05 00:55:07', '2020-05-05 00:55:07'),
(229, 19, 'Armando Stracke', 'Molestiae tempora voluptates repudiandae et. Impedit at dignissimos mollitia molestiae voluptate odio. Voluptas omnis maiores autem nobis eius error dolore reiciendis.', 5, '2020-05-05 00:55:08', '2020-05-05 00:55:08'),
(230, 5, 'Jerrold Kuhn Sr.', 'Placeat repellat nemo perspiciatis officiis illo alias consectetur. Explicabo voluptas eligendi corrupti consequatur voluptate aliquam. Adipisci enim veniam voluptatem fugit velit modi. Qui rem voluptatem eveniet quia molestiae. Aut natus quis et aspernatur unde numquam.', 4, '2020-05-05 00:55:08', '2020-05-05 00:55:08'),
(231, 9, 'Hobart Auer', 'Magni nulla id qui delectus hic ex dignissimos aut. Quos ut omnis suscipit perspiciatis. Autem blanditiis labore quo et ut ratione.', 2, '2020-05-05 00:55:08', '2020-05-05 00:55:08'),
(232, 20, 'Morris Kris', 'Ut eaque quis et adipisci. Id distinctio et amet tempora voluptatem alias. Est eos commodi consequatur quo perferendis ducimus illum. Sit accusantium est nesciunt ut. Distinctio vel consequuntur nihil quasi tempore.', 5, '2020-05-05 00:55:08', '2020-05-05 00:55:08'),
(233, 6, 'Prof. Gillian Luettgen', 'Aut amet est reiciendis quia exercitationem eius qui. Incidunt impedit molestias eaque doloribus dolores. Et asperiores nihil enim amet nam nemo vel.', 1, '2020-05-05 00:55:08', '2020-05-05 00:55:08'),
(234, 42, 'Quincy Olson DVM', 'Ad cum quis quaerat sed. Incidunt est facere quis perspiciatis saepe ut laboriosam. Facere sit at est minima et aspernatur.', 0, '2020-05-05 00:55:08', '2020-05-05 00:55:08'),
(235, 30, 'Prof. Amparo Heaney II', 'Cupiditate dolorum similique dolorem suscipit labore consequuntur distinctio. Quia et asperiores qui velit. Eos perspiciatis aliquid odit nihil. Qui rem autem est aut non.', 4, '2020-05-05 00:55:08', '2020-05-05 00:55:08'),
(236, 19, 'Marques Hermiston', 'Qui consequatur architecto maiores nesciunt ipsam laboriosam et. Et explicabo labore alias voluptatibus omnis quas id. Et qui ab quasi. Nisi sed quaerat asperiores aut nam fugit et ipsa. Quis accusantium repellendus ex saepe dolor aut.', 0, '2020-05-05 00:55:08', '2020-05-05 00:55:08'),
(237, 28, 'Mrs. Ellen Bartell PhD', 'Adipisci quisquam temporibus alias consequuntur. Cumque consequatur debitis velit inventore.', 3, '2020-05-05 00:55:08', '2020-05-05 00:55:08'),
(238, 42, 'Ms. Matilde Brown Jr.', 'Illo perferendis qui architecto sapiente nam et. Adipisci consequatur sed aperiam dolorum voluptates aut distinctio atque. Aut et explicabo rerum non aperiam commodi enim maiores. Quaerat sequi veritatis magnam quam.', 2, '2020-05-05 00:55:08', '2020-05-05 00:55:08'),
(239, 23, 'Daisy Littel', 'Perferendis voluptas eaque pariatur neque cum asperiores. Vel quae iure vero sunt. Ducimus sed quae ut et. Sit provident ea nam sed.', 0, '2020-05-05 00:55:08', '2020-05-05 00:55:08'),
(240, 15, 'Prof. Dell Koss', 'Sint blanditiis laborum quo nulla nostrum rerum error aut. Deserunt quisquam corporis ipsa ea et sapiente in mollitia. Qui deleniti beatae magni quibusdam sit sequi. Modi sit sed sapiente ut voluptas impedit.', 3, '2020-05-05 00:55:08', '2020-05-05 00:55:08'),
(241, 16, 'Nyasia Hill', 'Iusto fugit ut ea. Illo placeat illum fuga tempore. Aspernatur eius rem voluptate voluptas quos eum. Qui autem corporis esse laudantium odio expedita. Ut totam nihil blanditiis ut.', 1, '2020-05-05 00:55:08', '2020-05-05 00:55:08'),
(242, 34, 'Dr. Mitchel Rippin', 'Et ex et ducimus in qui dolor est. Rem dolores dolores quis fugiat. Tempore corporis dolorem id explicabo.', 2, '2020-05-05 00:55:08', '2020-05-05 00:55:08'),
(243, 15, 'Hailie Swaniawski', 'Illo laborum ut harum vel. Blanditiis laudantium perspiciatis qui quo nulla ratione. Hic eum consequatur sunt assumenda voluptate recusandae voluptatibus. Et ea consequatur laborum doloremque delectus et. Sint eligendi voluptatem delectus reiciendis eveniet qui incidunt quae.', 2, '2020-05-05 00:55:08', '2020-05-05 00:55:08'),
(244, 22, 'Miss Antonietta Haag DDS', 'Nulla sunt quia quo iusto dolorem. Velit saepe ut alias dolor et cumque. Qui harum qui eos et incidunt omnis. Ab sequi mollitia laboriosam officiis sit.', 3, '2020-05-05 00:55:08', '2020-05-05 00:55:08'),
(245, 31, 'Ms. Kiana Berge', 'Voluptatem enim eos veritatis aperiam. Asperiores eveniet qui sapiente. Quaerat dolorum sint earum distinctio aut voluptatem et sed.', 0, '2020-05-05 00:55:08', '2020-05-05 00:55:08'),
(246, 17, 'Ambrose Wilkinson V', 'Quae officia ut magni autem consequatur. Officia deleniti minus voluptatem sed aut ut sint. Dolorem autem sit fugit dolore repudiandae. Libero magnam nobis ratione ut quod nostrum ut saepe.', 4, '2020-05-05 00:55:08', '2020-05-05 00:55:08'),
(247, 14, 'Ms. Amalia Lang Sr.', 'A in iure voluptates sed. Ut quaerat delectus iste incidunt qui magni eos. Eligendi provident vel voluptatibus vel.', 5, '2020-05-05 00:55:08', '2020-05-05 00:55:08'),
(248, 49, 'Mr. Sid Douglas Jr.', 'Vitae nesciunt veritatis quae molestiae nostrum. Et magnam exercitationem ipsa natus ut culpa laborum. Id quidem aut omnis cupiditate deleniti quod.', 4, '2020-05-05 00:55:08', '2020-05-05 00:55:08'),
(249, 30, 'Alexzander Kutch', 'Dolorem illum debitis rem commodi officiis. Quis eligendi rem omnis. Blanditiis minima eligendi est recusandae ducimus beatae.', 0, '2020-05-05 00:55:08', '2020-05-05 00:55:08'),
(250, 27, 'Dr. Elyse Zulauf', 'Et reiciendis provident voluptatem quo et quis. Dignissimos aut vero asperiores quisquam recusandae. Vel ut quasi qui eum officiis omnis. Quisquam dicta rem voluptas sed sint dicta.', 2, '2020-05-05 00:55:08', '2020-05-05 00:55:08'),
(251, 5, 'Creola Luettgen', 'Voluptatem perspiciatis fuga sunt aut consequuntur. Officiis iste accusantium excepturi. Vitae labore quaerat porro dolores ut in.', 4, '2020-05-05 00:55:08', '2020-05-05 00:55:08'),
(252, 19, 'Anastasia Ernser', 'Voluptas quod ab et nobis perferendis quia voluptatem voluptate. Nobis aliquid amet ut suscipit libero impedit harum.', 0, '2020-05-05 00:55:08', '2020-05-05 00:55:08'),
(253, 34, 'Ms. Albertha Kozey', 'Aliquam ut consectetur consequatur magni. Non quia non ut repellat quisquam iusto eaque illo. Voluptas perspiciatis placeat cupiditate. Aut enim earum vel rerum expedita cum ut.', 0, '2020-05-05 00:55:09', '2020-05-05 00:55:09'),
(254, 15, 'Gloria Johns', 'Saepe omnis repellendus animi eius et est. Facere veritatis a alias. Totam accusantium consequuntur voluptatem possimus incidunt voluptatem. Dicta voluptatem quae natus ipsam.', 3, '2020-05-05 00:55:09', '2020-05-05 00:55:09'),
(255, 13, 'Prof. Lavern Adams', 'Accusamus quod officiis ipsum quia. Suscipit atque quo in. Veritatis ad laudantium dolor expedita.', 3, '2020-05-05 00:55:09', '2020-05-05 00:55:09'),
(256, 23, 'Augustine Jacobs', 'Asperiores asperiores repudiandae molestiae dolorem fugit velit quasi. Quo sunt sit rerum cupiditate. Corrupti animi eveniet et et.', 0, '2020-05-05 00:55:09', '2020-05-05 00:55:09'),
(257, 46, 'Prof. Viva Armstrong', 'Asperiores ea consequuntur error a. Corrupti et enim quos tempore. Earum eveniet laudantium quaerat qui suscipit.', 5, '2020-05-05 00:55:09', '2020-05-05 00:55:09'),
(258, 43, 'Dr. Leola Bechtelar', 'Excepturi voluptates accusantium totam laborum quod eligendi. Molestias debitis minus fugit sapiente laborum voluptatum magni. Ea illum consequuntur aut sed.', 1, '2020-05-05 00:55:09', '2020-05-05 00:55:09'),
(259, 34, 'Carolyn Gerhold', 'Facere illo adipisci sint sit optio magnam. Est voluptas ea at. Saepe eos voluptate officia earum dolorem consequuntur.', 0, '2020-05-05 00:55:09', '2020-05-05 00:55:09'),
(260, 14, 'Maximilian Gleichner', 'Iusto quidem sit corporis excepturi ex. Rerum similique consectetur vero impedit soluta. Assumenda amet dolorem vero sunt. Et sit debitis optio odio. Non aperiam hic iusto temporibus molestias.', 2, '2020-05-05 00:55:09', '2020-05-05 00:55:09'),
(261, 36, 'Dr. Lewis Crist', 'Cupiditate qui cupiditate itaque dolores consequuntur consequatur nostrum. Reiciendis vero voluptas perferendis recusandae maxime hic eaque.', 0, '2020-05-05 00:55:09', '2020-05-05 00:55:09'),
(262, 46, 'Theron Larkin', 'Doloribus consectetur pariatur odio est aut dolorem vero rem. Debitis labore et ut voluptatem. Quis nisi eos eaque tenetur dolore dicta. Et enim iste optio atque.', 3, '2020-05-05 00:55:09', '2020-05-05 00:55:09'),
(263, 18, 'Kali Rohan', 'Eos totam et sint repudiandae. Sunt eaque aspernatur suscipit vero laboriosam consequuntur. Optio fugit et dolorem dolor quos animi occaecati. Officiis hic omnis facilis minus rerum. Libero modi et officiis quia natus nisi.', 2, '2020-05-05 00:55:09', '2020-05-05 00:55:09'),
(264, 12, 'Dr. Trent Beier', 'Quidem harum corrupti earum aut. Est maxime quasi molestias dolores. Ut nisi iure consequatur laboriosam. Soluta dolore rerum officia magnam quos sed incidunt. Sed dignissimos qui et aut dignissimos veniam tenetur.', 0, '2020-05-05 00:55:09', '2020-05-05 00:55:09'),
(265, 27, 'Damien Will', 'Sunt ea quis ipsum est. Quaerat neque sed illo placeat voluptatem suscipit aut cumque. Sunt quos voluptatem harum beatae aut eveniet. Ut a nihil tempore et vel nisi.', 5, '2020-05-05 00:55:09', '2020-05-05 00:55:09'),
(266, 22, 'Nelda Klocko', 'Aut placeat ut deserunt omnis. Earum voluptatum voluptates ullam non.', 3, '2020-05-05 00:55:09', '2020-05-05 00:55:09'),
(267, 32, 'Gavin Mohr', 'Amet vel et ut explicabo sunt. Rerum eaque labore ut. Quas maiores odio veniam.', 5, '2020-05-05 00:55:09', '2020-05-05 00:55:09'),
(268, 10, 'Cicero Bashirian', 'Doloremque commodi at eaque dolores qui. Et dolor qui magni at.', 2, '2020-05-05 00:55:10', '2020-05-05 00:55:10'),
(269, 49, 'Dagmar Bins', 'Est eaque dolores sed exercitationem eum ullam quia. Debitis praesentium rerum voluptas eveniet provident aut. Est quo quaerat possimus illum dolores consectetur asperiores.', 4, '2020-05-05 00:55:10', '2020-05-05 00:55:10'),
(270, 43, 'Candice Rolfson', 'Eos reprehenderit dolor corporis ex ab. Unde qui molestiae pariatur eius. Voluptatem aut enim odit nobis omnis distinctio.', 1, '2020-05-05 00:55:10', '2020-05-05 00:55:10'),
(271, 16, 'Ms. Pattie O\'Keefe', 'Dolor voluptas nihil qui. At laborum cupiditate molestiae voluptatem voluptas quis facilis. Quaerat nobis ipsam sed incidunt. Fuga nobis ea blanditiis ad odit adipisci.', 0, '2020-05-05 00:55:10', '2020-05-05 00:55:10'),
(272, 4, 'Ashtyn Gutmann', 'Sed quos vitae quisquam et. Aspernatur quod recusandae et eum. Qui et ut dolorum ducimus. Et error sapiente rem et maiores unde.', 2, '2020-05-05 00:55:10', '2020-05-05 00:55:10'),
(273, 33, 'Noemie Grady', 'Minima voluptatibus et sint ea sit aut assumenda adipisci. Similique reiciendis facere qui vel et accusantium. Nam consequatur totam consequatur magni quas consequatur voluptatem.', 2, '2020-05-05 00:55:10', '2020-05-05 00:55:10'),
(274, 48, 'Shayna Hahn', 'Ex consequatur et voluptates deleniti omnis aut sit. Similique nostrum tempora quaerat non. Rerum iste quam quas in dolorem eaque officiis dignissimos. Sit quisquam ratione ut et asperiores iure.', 2, '2020-05-05 00:55:10', '2020-05-05 00:55:10'),
(275, 38, 'Magdalen Ruecker', 'Qui adipisci eum sunt cumque fuga. Beatae quis aut enim quia. Et dolor vero non dicta exercitationem.', 0, '2020-05-05 00:55:10', '2020-05-05 00:55:10'),
(276, 22, 'Laney Reynolds Sr.', 'Saepe sint non autem sequi sit similique id. Nihil perferendis rerum eos et. Sequi dolore illo alias magni ratione repudiandae et.', 2, '2020-05-05 00:55:10', '2020-05-05 00:55:10'),
(277, 28, 'Seth Schuster Sr.', 'Provident optio dolorem adipisci in fugiat est. Fugiat qui ipsa voluptatem veniam.', 0, '2020-05-05 00:55:10', '2020-05-05 00:55:10'),
(278, 32, 'Leland Doyle', 'Ut a quia animi voluptatem dolores. Dicta rerum aut cupiditate. Aliquam dolores placeat ratione et doloribus sed excepturi. Animi nostrum placeat enim praesentium deleniti illum.', 3, '2020-05-05 00:55:10', '2020-05-05 00:55:10'),
(279, 37, 'Eunice Johnson', 'Distinctio ratione consequuntur suscipit. Quisquam omnis totam non et harum magni. Nesciunt quisquam et veniam et aliquid inventore quo. Veritatis quia quas aspernatur qui nostrum corporis consequatur.', 4, '2020-05-05 00:55:10', '2020-05-05 00:55:10'),
(280, 5, 'Pink Becker', 'Dolorum voluptate sit alias natus sed et. Culpa est et unde et pariatur. Facilis et ea nobis quis quo molestias. Earum illum eum vel hic voluptatem. Aliquam voluptatum rem quaerat provident minima ipsum distinctio.', 4, '2020-05-05 00:55:10', '2020-05-05 00:55:10'),
(281, 48, 'Abel Cartwright', 'Aut consectetur vero aperiam nesciunt. Soluta aut modi dolores consequatur exercitationem. Modi ipsum error porro rem praesentium modi voluptatibus unde.', 0, '2020-05-05 00:55:10', '2020-05-05 00:55:10'),
(282, 45, 'Ms. Myrtis Mayert DDS', 'Nesciunt quam in tempore maxime voluptas consequuntur. Nihil impedit et repudiandae sed amet. Ullam incidunt voluptatibus mollitia. In et deleniti culpa architecto est vel.', 3, '2020-05-05 00:55:11', '2020-05-05 00:55:11'),
(283, 31, 'Sallie Dibbert', 'Placeat natus neque veritatis. Eius excepturi eos iure esse eos voluptatem mollitia asperiores. Tenetur dolor velit soluta autem sequi debitis et. Veniam asperiores magni aliquid quis reiciendis similique nulla.', 2, '2020-05-05 00:55:11', '2020-05-05 00:55:11'),
(284, 28, 'Ian Prohaska', 'Velit rerum cum ut iusto aut debitis amet. Qui ut ducimus a molestiae expedita eveniet. Quidem temporibus nulla totam eum qui aut.', 0, '2020-05-05 00:55:11', '2020-05-05 00:55:11'),
(285, 25, 'Lurline Abshire DDS', 'Quod quia et laboriosam voluptatem dolorum. Inventore dolores voluptates quos temporibus error saepe. Pariatur ad doloribus aliquam consequuntur.', 0, '2020-05-05 00:55:11', '2020-05-05 00:55:11'),
(286, 6, 'Aniya Torp', 'Rerum temporibus quibusdam at rerum iusto necessitatibus. Eum et qui sed sit optio. Perspiciatis praesentium accusantium optio odit et. Ut in dolore quia consequuntur quia ab.', 5, '2020-05-05 00:55:11', '2020-05-05 00:55:11'),
(287, 18, 'Mr. Kip Schultz', 'Atque laudantium ut dolor aut. Sint soluta deserunt blanditiis odit. Nisi rerum fuga qui eaque aut itaque quasi itaque. At voluptatem inventore reprehenderit culpa.', 5, '2020-05-05 00:55:11', '2020-05-05 00:55:11'),
(288, 10, 'Vivien Hilpert', 'Quo illo laborum fuga. Quod veritatis qui impedit dolores eius exercitationem. Ut ipsum maxime sed incidunt.', 3, '2020-05-05 00:55:11', '2020-05-05 00:55:11'),
(289, 30, 'Christophe Emmerich III', 'Itaque facilis commodi nisi quis deserunt. Vitae eaque in ad animi et. Quae in ducimus atque rerum.', 4, '2020-05-05 00:55:11', '2020-05-05 00:55:11'),
(290, 28, 'Devante Fritsch', 'Rerum mollitia nulla illo in est hic aperiam. Omnis quia id recusandae consequuntur. Error vitae ut ut ullam perspiciatis quo. Similique odio et mollitia facere sit eum repellendus.', 2, '2020-05-05 00:55:11', '2020-05-05 00:55:11'),
(291, 45, 'Dr. Anabel Hermann', 'Necessitatibus sequi et ipsum quis mollitia autem. Quod rem eligendi repudiandae dignissimos tenetur dolores. Suscipit dolores necessitatibus temporibus qui ea. Vero repellat placeat praesentium.', 5, '2020-05-05 00:55:11', '2020-05-05 00:55:11'),
(292, 16, 'Ms. Elda Ernser PhD', 'Labore aperiam consequatur est dicta impedit. Enim cum blanditiis dolore. Est harum distinctio rerum labore nisi tempora et voluptas. Rerum adipisci et et eligendi nisi ipsa saepe.', 5, '2020-05-05 00:55:11', '2020-05-05 00:55:11'),
(293, 20, 'Dr. Skye Heathcote', 'Harum fugiat omnis dolorem. Natus repellat voluptas et. Consequuntur nulla quam est nisi ratione dolor.', 4, '2020-05-05 00:55:11', '2020-05-05 00:55:11'),
(294, 18, 'Kenya Wisozk', 'Harum fugiat dolorum perspiciatis laborum cum doloremque unde. Est laboriosam commodi dolorem distinctio. Architecto beatae omnis dignissimos minus reiciendis sed sit.', 1, '2020-05-05 00:55:11', '2020-05-05 00:55:11'),
(295, 10, 'Janice Rowe V', 'Unde et omnis nobis doloremque deserunt perferendis consequatur laborum. Dolor qui rem est esse vel dolor eos.', 3, '2020-05-05 00:55:11', '2020-05-05 00:55:11'),
(296, 2, 'Jerad Pfannerstill PhD', 'Nihil quaerat velit impedit voluptatem nam vero culpa. Porro velit sit id. Porro et nemo enim nisi laboriosam. Eaque ab et veniam id suscipit aut numquam molestias.', 5, '2020-05-05 00:55:11', '2020-05-05 00:55:11'),
(297, 22, 'Colt Effertz', 'Atque eaque inventore beatae modi in eaque rerum. Quo aut laborum dolorem quasi. Quia ut explicabo a molestias.', 5, '2020-05-05 00:55:11', '2020-05-05 00:55:11'),
(298, 37, 'Mrs. Erica Toy PhD', 'Eveniet et laudantium id odio. Incidunt voluptates consequatur ipsa quo.', 0, '2020-05-05 00:55:11', '2020-05-05 00:55:11'),
(299, 47, 'Korbin Jacobson PhD', 'Sint amet libero officiis dolorum excepturi. Fugit sed repellat eum ipsam non aut. Deserunt officiis voluptates totam officiis perferendis dolor maiores.', 3, '2020-05-05 00:55:11', '2020-05-05 00:55:11'),
(300, 37, 'Mercedes Boyer', 'Dolorem aut laborum dolor odit cum maxime. Magnam excepturi quibusdam et ad facere. Ratione voluptas quibusdam et quas voluptatum.', 3, '2020-05-05 00:55:11', '2020-05-05 00:55:11');

-- --------------------------------------------------------

--
-- Table structure for table `users`
--

CREATE TABLE `users` (
  `id` int(10) UNSIGNED NOT NULL,
  `name` varchar(255) COLLATE utf8mb4_unicode_ci NOT NULL,
  `email` varchar(255) COLLATE utf8mb4_unicode_ci NOT NULL,
  `password` varchar(255) COLLATE utf8mb4_unicode_ci NOT NULL,
  `remember_token` varchar(100) COLLATE utf8mb4_unicode_ci DEFAULT NULL,
  `created_at` timestamp NULL DEFAULT NULL,
  `updated_at` timestamp NULL DEFAULT NULL
) ENGINE=InnoDB DEFAULT CHARSET=utf8mb4 COLLATE=utf8mb4_unicode_ci;

--
-- Indexes for dumped tables
--

--
-- Indexes for table `migrations`
--
ALTER TABLE `migrations`
  ADD PRIMARY KEY (`id`);

--
-- Indexes for table `password_resets`
--
ALTER TABLE `password_resets`
  ADD KEY `password_resets_email_index` (`email`);

--
-- Indexes for table `products`
--
ALTER TABLE `products`
  ADD PRIMARY KEY (`id`);

--
-- Indexes for table `reviews`
--
ALTER TABLE `reviews`
  ADD PRIMARY KEY (`id`),
  ADD KEY `reviews_product_id_index` (`product_id`);

--
-- Indexes for table `users`
--
ALTER TABLE `users`
  ADD PRIMARY KEY (`id`),
  ADD UNIQUE KEY `users_email_unique` (`email`);

--
-- AUTO_INCREMENT for dumped tables
--

--
-- AUTO_INCREMENT for table `migrations`
--
ALTER TABLE `migrations`
  MODIFY `id` int(10) UNSIGNED NOT NULL AUTO_INCREMENT, AUTO_INCREMENT=9;

--
-- AUTO_INCREMENT for table `products`
--
ALTER TABLE `products`
  MODIFY `id` int(10) UNSIGNED NOT NULL AUTO_INCREMENT, AUTO_INCREMENT=51;

--
-- AUTO_INCREMENT for table `reviews`
--
ALTER TABLE `reviews`
  MODIFY `id` int(10) UNSIGNED NOT NULL AUTO_INCREMENT, AUTO_INCREMENT=301;

--
-- AUTO_INCREMENT for table `users`
--
ALTER TABLE `users`
  MODIFY `id` int(10) UNSIGNED NOT NULL AUTO_INCREMENT;

--
-- Constraints for dumped tables
--

--
-- Constraints for table `reviews`
--
ALTER TABLE `reviews`
  ADD CONSTRAINT `reviews_product_id_foreign` FOREIGN KEY (`product_id`) REFERENCES `products` (`id`) ON DELETE CASCADE;
COMMIT;

/*!40101 SET CHARACTER_SET_CLIENT=@OLD_CHARACTER_SET_CLIENT */;
/*!40101 SET CHARACTER_SET_RESULTS=@OLD_CHARACTER_SET_RESULTS */;
/*!40101 SET COLLATION_CONNECTION=@OLD_COLLATION_CONNECTION */;
